<simulation verbosity='high'>
  
  <output prefix='water'>
    <properties stride='4' filename='out'>
      [step, time{picosecond}, conserved, temperature{kelvin}, potential]
    </properties>
    <trajectory stride='4' cell_units='angstrom' filename='positions'> positions{angstrom} </trajectory>
    <trajectory stride='4' cell_units='angstrom' filename='velocities'> velocities </trajectory>
    <trajectory stride='4' cell_units='angstrom' filename='forces'> forces </trajectory>
  </output>

  <total_steps>10</total_steps>

  <ffsocket mode='unix' name='DFTB'>
    <address>dftb</address>
    <latency>0.01</latency>
  </ffsocket>

  <system>
    <initialize nbeads='1'>
      <file mode='pdb'>firstframe.pdb</file>
      <velocities mode='thermal' units='kelvin'>300</velocities>
    </initialize>
    <forces>
      <force forcefield='DFTB'> </force>
    </forces>
    <motion mode='dynamics'>
      <dynamics mode='nvt'>
        <thermostat mode='svr'>
          <tau units="picosecond">1.0</tau>
        </thermostat>
        <timestep units="femtosecond">0.5</timestep>
      </dynamics>
    </motion>
    <ensemble>
      <temperature units='Kelvin'>300</temperature>  
    </ensemble>
  </system>

</simulation>
