#Wavenumber (cm^-1);  Spectrum at 300.00 K (cm*km*mol^-1);  Integral (km*mol^-1)
0.00; 0.029571715; 0.060205460359455
2.04; 0.030154894; 0.12159822189116
4.07; 0.03183881; 0.1864192908023
6.11; 0.034441121; 0.25653844047648
8.14; 0.037702215; 0.33329689701488
10.18; 0.041338641; 0.41745880315482
12.22; 0.045096228; 0.50927083223877
14.25; 0.048789758; 0.60860256845094
16.29; 0.052321041; 0.71512369172487
18.32; 0.055674225; 0.82847160913413
20.36; 0.058893665; 0.94837402872792
22.40; 0.06205367; 1.0747099449567
24.43; 0.065229921; 1.207512434434
26.47; 0.068479633; 1.346931057265
28.50; 0.071833027; 1.4931769013696
30.54; 0.075294282; 1.6464695604457
32.57; 0.078847357; 1.8069959754075
34.61; 0.082461748; 1.97488097858
36.65; 0.086094963; 2.1501628935335
38.68; 0.089691402; 2.332766848274
40.72; 0.093179868; 2.5224730185948
42.75; 0.096473194; 2.7188841145847
44.79; 0.099472964; 2.9214024836173
46.83; 0.10208037; 3.1292293042275
48.86; 0.10421169; 3.3413953048256
50.90; 0.10581481; 3.556825133665
52.93; 0.10688235; 3.7744283810051
54.97; 0.10745738; 3.9932023341184
57.01; 0.10762981; 4.2123273388664
59.04; 0.10752372; 4.4312363611321
61.08; 0.10727827; 4.6496456566212
63.11; 0.1070262; 4.8675417726967
65.15; 0.10687457; 5.0851291818793
67.19; 0.10689123; 5.3027505010074
69.22; 0.10709953; 5.5207959041009
71.26; 0.10748166; 5.7396192854646
73.29; 0.10798928; 5.9594761322745
75.33; 0.10855893; 6.1804927489222
77.36; 0.10912884; 6.402669658431
79.40; 0.10965366; 6.6259150460908
81.44; 0.11011432; 6.8500982974309
83.47; 0.11052128; 7.0751100803737
85.51; 0.11091071; 7.3009147223733
87.54; 0.11133492; 7.5275830208012
89.58; 0.11184936; 7.7552986678917
91.62; 0.11249958; 7.9843381123104
93.65; 0.11331141; 8.2150303733484
95.69; 0.11428676; 8.4477083571703
97.72; 0.11540607; 8.6826651642573
99.76; 0.11663651; 8.9201270337022
101.80; 0.11794325; 9.1602493125425
103.83; 0.11930039; 9.4031346135631
105.87; 0.12069799; 9.6488653138212
107.90; 0.12214305; 9.8975380181386
109.94; 0.12365414; 10.149287166509
111.98; 0.12525175; 10.404288922043
114.01; 0.12694779; 10.662743662394
116.05; 0.12873816; 10.924843446418
118.08; 0.13060156; 11.190736941096
120.12; 0.13250526; 11.460506214738
122.15; 0.13441652; 11.734166653603
124.19; 0.13631583; 12.011693920799
126.23; 0.13820764; 12.293072739032
128.26; 0.14012465; 12.578354431851
130.30; 0.14212384; 12.86770630219
132.33; 0.14427483; 13.161437410494
134.37; 0.14664386; 13.459991658394
136.41; 0.1492777; 13.763908172334
138.44; 0.15219195; 14.073757845439
140.48; 0.15536657; 14.390070777868
142.51; 0.1587493; 14.713270654537
144.55; 0.16226532; 15.043628841071
146.59; 0.16583013; 15.381244669985
148.62; 0.16936213; 15.726051343436
150.66; 0.17279219; 16.077841322478
152.69; 0.17606889; 16.436302385444
154.73; 0.17915962; 16.801055908336
156.77; 0.18204877; 17.171691496004
158.80; 0.18473475; 17.547795499546
160.84; 0.1872272; 17.928973913043
162.87; 0.18954536; 18.314871909961
164.91; 0.19171778; 18.705192763047
166.94; 0.1937831; 19.099718435658
168.98; 0.19579156; 19.498333159098
171.02; 0.19780646; 19.901050030655
173.05; 0.19990484; 20.308039029138
175.09; 0.2021764; 20.719652739856
177.12; 0.20471935; 21.136443668175
179.16; 0.20763222; 21.55916495818
181.20; 0.21100146; 21.988745724168
183.23; 0.21488558; 22.426234209719
185.27; 0.2192986; 22.872707237352
187.30; 0.22419674; 23.329152452548
189.34; 0.22947266; 23.79633898034
191.38; 0.23496116; 24.274699630633
193.41; 0.24045776; 24.764250883112
195.45; 0.24574848; 25.264573587269
197.48; 0.25064608; 25.774867374678
199.52; 0.25502536; 26.294076994117
201.56; 0.25884969; 26.821072622783
203.59; 0.26218215; 27.35485286048
205.63; 0.26517791; 27.894732202145
207.66; 0.26805855; 28.440476273637
209.70; 0.27107312; 28.992357760275
211.74; 0.27445353; 29.551121460533
213.77; 0.27837291; 30.117864678585
215.81; 0.2829151; 30.693855414311
217.84; 0.28806083; 31.280322401815
219.88; 0.29369305; 31.878256104522
221.91; 0.29962056; 32.48825771586
223.95; 0.30561551; 33.110464524734
225.99; 0.31145791; 33.744565957127
228.02; 0.31697866; 34.389907142784
230.06; 0.32209199; 35.045658646523
232.09; 0.32680993; 35.711015457853
234.13; 0.331234; 36.385379288798
236.17; 0.33552494; 37.068479112702
238.20; 0.33985641; 37.760397425897
240.24; 0.34436396; 38.461492720102
242.27; 0.34910351; 39.172237346583
244.31; 0.35403232; 39.893016604316
246.35; 0.35902022; 40.62395077784
248.38; 0.36389038; 41.364800191866
250.42; 0.36847925; 42.11499213572
252.45; 0.37269754; 42.873772169995
254.49; 0.37657247; 43.640441221054
256.53; 0.38025494; 44.4146074525
258.56; 0.38398624; 45.196370288996
260.60; 0.38803171; 45.986369371129
262.63; 0.39260095; 46.785671019231
264.67; 0.39778036; 47.595517511918
266.70; 0.40350215; 48.417013056673
268.74; 0.40956282; 49.250847616265
270.78; 0.41568905; 50.097154644284
272.81; 0.42163178; 50.955560551784
274.85; 0.42725901; 51.825423025311
276.88; 0.43261568; 52.706191213442
278.92; 0.43792795; 53.597774722578
280.96; 0.4435464; 54.500796912488
282.99; 0.44984232; 55.416637057481
285.03; 0.45708774; 56.347228244916
287.06; 0.46535692; 57.294654770958
289.10; 0.47448238; 58.260659954479
291.14; 0.48408268; 59.246210512433
293.17; 0.49365729; 60.251254140793
295.21; 0.50272255; 61.274753864431
297.24; 0.51094866; 62.315001244433
299.28; 0.51825588; 63.370125485256
301.32; 0.52483962; 64.438653662436
303.35; 0.53111546; 65.519958908088
305.39; 0.53759963; 66.6144653599
307.42; 0.54476111; 67.723551972182
309.46; 0.55289054; 68.849189387551
311.49; 0.56202605; 69.993425916407
313.53; 0.57195847; 71.157883995586
315.57; 0.58231275; 72.343422506017
317.60; 0.59267852; 73.550064818914
319.64; 0.60274688; 74.77720545038
321.67; 0.61240941; 76.0240181562
323.71; 0.62178782; 77.289924499088
325.75; 0.63118598; 78.574964678696
327.78; 0.64098079; 79.879946257237
329.82; 0.65148763; 81.206318847258
331.85; 0.66284256; 82.555809088722
333.89; 0.67493684; 83.92992224247
335.93; 0.68742137; 85.329452834897
337.96; 0.69977718; 86.754138788746
340.00; 0.71142969; 88.202548228584
342.03; 0.7218751; 89.672223628963
344.07; 0.73078833; 91.160045598459
346.11; 0.73809101; 92.662735195397
348.14; 0.7439712; 94.177396358538
350.18; 0.74885758; 95.702005762845
352.21; 0.75335762; 97.235776862176
354.25; 0.75817138; 98.779348355123
356.28; 0.7639917; 100.33476951688
358.32; 0.77140145; 101.90527629236
360.36; 0.7807798; 103.49487659017
362.39; 0.79223237; 105.10779332285
364.43; 0.8055612; 106.74784640181
366.46; 0.8202874; 108.41788075554
368.50; 0.83572959; 110.11935406506
370.54; 0.85112737; 111.85217593739
372.57; 0.86578495; 113.61483936726
374.61; 0.87920108; 115.40481689283
376.64; 0.89115329; 117.21912807592
378.68; 0.90171582; 119.0549436542
380.72; 0.9112104; 120.91008938233
382.75; 0.92010798; 122.78334981842
384.79; 0.92891229; 124.67453507724
386.82; 0.93805726; 126.5843386969
388.86; 0.94784024; 128.51405961413
390.90; 0.95839697; 130.46527314062
392.93; 0.969709; 132.4395169721
394.97; 0.98162646; 134.43802373176
397.00; 0.99389169; 136.46150142976
399.04; 1.0061581; 138.50995249622
401.07; 1.0180101; 140.58253328156
403.11; 1.028995; 142.67747831659
405.15; 1.0386741; 144.79212905292
407.18; 1.0466902; 146.92309987268
409.22; 1.0528351; 149.06658128388
411.25; 1.0570937; 151.21873291325
413.29; 1.0596453; 153.37607919599
415.33; 1.0608167; 155.53581045503
417.36; 1.0610033; 157.69592150734
419.40; 1.0605848; 159.85518060925
421.43; 1.0598719; 162.01298842285
423.47; 1.059102; 164.16922864943
425.51; 1.0584819; 166.3242065414
427.54; 1.0582522; 168.47871676388
429.58; 1.0587301; 170.63419988053
431.61; 1.0602978; 172.79287472743
433.65; 1.0633233; 174.95770926047
435.69; 1.0680339; 177.1321341307
437.72; 1.0743909; 179.31950131984
439.76; 1.0820233; 181.52240734812
441.79; 1.0902619; 183.74208643196
443.83; 1.0982808; 185.97809140112
445.87; 1.1053088; 188.22840479005
447.90; 1.110841; 190.48998126824
449.94; 1.1147751; 192.75956713673
451.97; 1.1174183; 195.03453442415
454.01; 1.1193587; 197.31345210392
456.04; 1.1212428; 199.59620563776
458.08; 1.1235408; 201.88363765905
460.12; 1.126383; 204.17685628759
462.15; 1.1295273; 206.4764764067
464.19; 1.1324649; 208.78207730822
466.22; 1.1346227; 211.09207123845
468.26; 1.1355817; 213.40401765434
470.30; 1.1352315; 215.7152509651
472.33; 1.133805; 218.02358013844
474.37; 1.13179; 220.32780684596
476.40; 1.1297569; 222.62789437642
478.44; 1.1281758; 224.92476295183
480.48; 1.1272898; 227.21982762372
482.51; 1.1270856; 229.51447659407
484.55; 1.1273591; 231.80968241297
486.58; 1.1278345; 234.10585613488
488.62; 1.1282802; 236.40293715479
490.66; 1.1285724; 238.70061309227
492.69; 1.128689; 240.99852642162
494.73; 1.1286493; 243.29635902203
496.76; 1.1284422; 245.59377000815
498.80; 1.1279857; 247.89025159303
500.83; 1.127143; 250.18501737376
502.87; 1.1257873; 252.47702323162
504.91; 1.1238825; 254.76515098654
506.94; 1.1215328; 257.04849499341
508.98; 1.1189735; 259.3266285007
511.01; 1.116499; 261.59972415834
513.05; 1.1143608; 263.86846655472
515.09; 1.1126845; 266.13379618175
517.12; 1.1114513; 268.39661516313
519.16; 1.1105596; 270.65761871425
521.19; 1.1099448; 272.91737050673
523.23; 1.1097027; 275.17662949134
525.27; 1.1101539; 277.43680706169
527.30; 1.1118049; 279.70034580138
529.34; 1.1152061; 281.97080920899
531.37; 1.1207526; 284.2525647073
533.41; 1.1285017; 286.55009683644
535.45; 1.1380857; 288.867141112
537.48; 1.1487591; 291.20591558088
539.52; 1.159573; 293.56670617521
541.55; 1.169613; 295.94793738922
543.59; 1.1782141; 298.3466796794
545.62; 1.1850712; 300.75938233935
547.66; 1.1902078; 303.18254278316
549.70; 1.1938229; 305.61306309074
551.73; 1.1960837; 308.04818636264
553.77; 1.1969584; 310.48509038582
555.80; 1.1961594; 312.92036774995
557.84; 1.1932282; 315.34967739975
559.88; 1.1877286; 317.76779031943
561.91; 1.1794743; 320.16909820185
563.95; 1.1687008; 322.5484720851
565.98; 1.1561144; 324.90222120993
568.02; 1.1427998; 327.22886295809
570.06; 1.1300185; 329.52948313099
572.09; 1.1189695; 331.80760841158
574.13; 1.1105873; 334.06866839391
576.16; 1.1054315; 336.31923161067
578.20; 1.1036771; 338.56622285462
580.24; 1.1051786; 340.81627120455
582.27; 1.109559; 343.07523749945
584.31; 1.1162762; 345.3478794569
586.34; 1.1246525; 347.63757484205
588.38; 1.1338773; 349.94605122822
590.41; 1.1430213; 352.27314388338
592.45; 1.1510966; 354.61667719539
594.49; 1.1571794; 356.97259467726
596.52; 1.1605742; 359.33542361644
598.56; 1.1609715; 361.69906139254
600.59; 1.1585405; 364.05774977002
602.63; 1.1539108; 366.40701263432
604.67; 1.1480355; 368.74431374287
606.70; 1.1419661; 371.06925806975
608.74; 1.1366074; 373.38329261034
610.77; 1.1325237; 375.68901307299
612.81; 1.1298536; 377.98929739547
614.85; 1.1283524; 380.28652548579
616.88; 1.1275385; 382.5820964691
618.92; 1.1268873; 384.87634172575
620.95; 1.1260085; 387.16879795368
622.99; 1.1247526; 389.45869723494
625.03; 1.1232239; 391.74548422615
627.06; 1.1217116; 394.02919228882
629.10; 1.1205735; 396.31058312398
631.13; 1.1201171; 398.59104485829
633.17; 1.1205152; 400.87231704032
635.21; 1.1217707; 403.15614545581
637.24; 1.1237296; 405.44396191252
639.28; 1.1261215; 407.73664816804
641.31; 1.1286103; 410.03440136449
643.35; 1.1308382; 412.33669038804
645.38; 1.1324629; 414.6422870261
647.42; 1.1331917; 416.94936760464
649.46; 1.132822; 419.25569543346
651.49; 1.131286; 421.55889619281
653.53; 1.1286936; 423.85681905199
655.56; 1.1253526; 426.14793972738
657.60; 1.1217486; 428.43172303793
659.64; 1.1184751; 430.70884188089
661.67; 1.1161185; 432.98116285765
663.71; 1.1151244; 435.25145986465
665.74; 1.115683; 437.52289419088
667.78; 1.1176724; 439.79837872298
669.82; 1.1206847; 442.07999598989
671.85; 1.1241373; 444.36864244477
673.89; 1.1274422; 446.66401741961
675.92; 1.1301852; 448.96497684861
677.96; 1.1322588; 451.27015795892
680.00; 1.1339037; 453.57868805362
682.03; 1.1356385; 455.89075005462
684.07; 1.1380913; 458.20780580132
686.10; 1.1417792; 460.53236976591
688.14; 1.146898; 462.86735502609
690.17; 1.1531859; 465.21514190724
692.21; 1.1599055; 467.57660934409
694.25; 1.165955; 469.95039314794
696.28; 1.1700859; 472.33258701209
698.32; 1.1711735; 474.71699517897
700.35; 1.1684752; 477.09590993799
702.39; 1.1618118; 479.46125859159
704.43; 1.1516287; 481.80587533373
706.46; 1.1389228; 484.12462381107
708.50; 1.125051; 486.41513050999
710.53; 1.1114649; 488.67797714344
712.57; 1.0994294; 490.91632056814
714.61; 1.0897879; 493.13503460142
716.64; 1.0828248; 495.33957246021
718.68; 1.0782562; 497.5348089693
720.71; 1.0753477; 499.724124073
722.75; 1.0731333; 501.90893079412
724.79; 1.0706796; 504.08874209078
726.82; 1.0673308; 506.26173545922
728.86; 1.0628687; 508.42564440237
730.89; 1.0575461; 510.57871706611
732.93; 1.0519822; 512.72046206076
734.96; 1.0469493; 514.85196041522
737.00; 1.0431131; 516.97564866092
739.04; 1.0408047; 519.09463721895
741.07; 1.0398948; 521.21177325461
743.11; 1.0398125; 523.32874171066
745.14; 1.0397057; 525.44549275913
747.18; 1.0386953; 527.5601867825
749.22; 1.0361446; 529.66968778365
751.25; 1.0318589; 531.77046336152
753.29; 1.0261519; 533.85962012379
755.32; 1.0197584; 535.93576015885
757.36; 1.0136191; 537.99940115293
759.40; 1.0086083; 540.05284069569
761.43; 1.005287; 542.09951822995
763.47; 1.0037561; 544.14307907348
765.50; 1.0036509; 546.18642577825
767.54; 1.0042683; 548.2310294553
769.58; 1.0047807; 550.27667618367
771.61; 1.0044637; 552.32167758816
773.65; 1.0028682; 554.36343062051
775.68; 0.99988802; 556.39911634518
777.72; 0.99571622; 558.42630863868
779.75; 0.99071615; 560.4433212242
781.79; 0.98526206; 562.44922974528
783.83; 0.97960636; 564.44362375358
785.86; 0.97381666; 566.42623043802
787.90; 0.96779643; 568.39658043961
789.93; 0.96137219; 570.35385124589
791.97; 0.95440769; 572.29694293276
794.01; 0.94689855; 574.2247466614
796.04; 0.93901149; 576.13649300862
798.08; 0.93105449; 578.03203959749
800.11; 0.92339015; 579.91198224413
802.15; 0.91632381; 581.7775384465
804.19; 0.91000534; 583.63023077756
806.22; 0.90437587; 585.47146200724
808.26; 0.89917408; 587.30210282621
810.29; 0.89399574; 589.12220098852
812.33; 0.8883855; 590.93087720231
814.37; 0.88193361; 592.72641791941
816.40; 0.87435487; 594.50652898259
818.44; 0.86553807; 596.26868979011
820.47; 0.8555648; 598.01054588741
822.51; 0.84470321; 599.73028872523
824.55; 0.8333812; 601.42698092712
826.58; 0.82213887; 603.10078470846
828.62; 0.81155551; 604.75304168608
830.65; 0.80214838; 606.3861465612
832.69; 0.79425038; 608.00317178443
834.72; 0.78788928; 609.60724635376
836.76; 0.7827048; 611.20076577984
838.80; 0.77794318; 612.78459094778
840.83; 0.77255603; 614.35744834755
842.87; 0.76540227; 615.91574131637
844.90; 0.75551568; 617.45390604574
846.94; 0.74237043; 618.96530817022
848.98; 0.7260649; 620.44351364324
851.01; 0.70735868; 621.88363486948
853.05; 0.68753644; 623.2833997325
855.08; 0.66812465; 624.64364384826
857.12; 0.65053451; 625.96807595831
859.16; 0.63573071; 627.2623688136
861.19; 0.62401952; 628.53281869954
863.23; 0.61501386; 629.78493383368
865.26; 0.60777832; 631.02231804463
867.30; 0.60110326; 632.2461123998
869.34; 0.59382157; 633.45508186098
871.37; 0.58507641; 634.64624693659
873.41; 0.57447172; 635.81582178545
875.44; 0.56208045; 636.96016906571
877.48; 0.54833097; 638.07652360656
879.51; 0.53382516; 639.16334555979
881.55; 0.51915197; 640.22029416985
883.59; 0.50474945; 641.24792049735
885.62; 0.49084178; 642.24723200103
887.66; 0.47744959; 643.21927815452
889.69; 0.46445075; 644.16485979372
891.73; 0.45166081; 645.08440223112
893.77; 0.4389067; 645.97797839243
895.80; 0.42607857; 646.84543759372
897.84; 0.41315664; 647.68658885779
899.87; 0.4002169; 648.50139592902
901.91; 0.38742163; 649.29015294048
903.95; 0.37499854; 650.05361759425
905.98; 0.36321014; 650.79308210084
908.02; 0.3523152; 651.51036544074
910.05; 0.34252602; 652.20771886418
912.09; 0.33396926; 652.88765145197
914.13; 0.32665872; 653.5527004051
916.16; 0.32048717; 654.20518462061
918.20; 0.31523893; 654.84698387596
920.23; 0.31061923; 655.4793778111
922.27; 0.3062924; 656.10296269854
924.30; 0.30192068; 656.71764714356
926.34; 0.29719833; 657.32271729061
928.38; 0.29188031; 657.91696041831
930.41; 0.28580751; 658.49883983658
932.45; 0.27892978; 659.06671678826
934.48; 0.27132453; 659.61911010831
936.52; 0.26320365; 660.15497002297
938.56; 0.25489967; 660.67392374895
940.59; 0.24682471; 661.17643755764
942.63; 0.23940377; 661.66384297063
944.66; 0.23299398; 662.13819860406
946.70; 0.22780983; 662.60199976163
948.74; 0.22387629; 663.05779257018
950.77; 0.22102567; 663.50778176229
952.81; 0.21894144; 663.95352762873
954.84; 0.21723716; 664.39580373034
956.88; 0.21554745; 664.83463972683
958.92; 0.21360415; 665.26951934599
960.95; 0.21127703; 665.69966114381
962.99; 0.208571; 666.12429369081
965.02; 0.20558711; 666.54285130188
967.06; 0.20246569; 666.95505397434
969.09; 0.1993337; 667.36088019407
971.13; 0.19627368; 667.7604764625
973.17; 0.19332071; 668.15406074922
975.20; 0.19048222; 668.54186611401
977.24; 0.18776662; 668.92414275445
979.27; 0.18520543; 669.30120503394
981.31; 0.18285798; 669.67348809054
983.35; 0.18079671; 670.04157459715
985.38; 0.17908009; 670.40616620496
987.42; 0.17772493; 670.76799883248
989.45; 0.17669038; 671.12772520363
991.49; 0.17588011; 671.48580193159
993.53; 0.17516221; 671.84241707367
995.56; 0.17439935; 672.19747909955
997.60; 0.17347861; 672.55066657755
999.63; 0.17233146; 672.90151855098
1001.67; 0.17093906; 673.24953572555
1003.71; 0.16932406; 673.59426489029
1005.74; 0.16753465; 673.93535097519
1007.78; 0.16562869; 674.27255668787
1009.81; 0.1636637; 674.60576185402
1011.85; 0.16169486; 674.93495864386
1013.89; 0.15977856; 675.26025400214
1015.92; 0.15797627; 675.58188004758
1017.96; 0.15635366; 675.90020259607
1019.99; 0.15497227; 676.21571275358
1022.03; 0.15387531; 676.5289896122
1024.06; 0.15307276; 676.8406325396
1026.10; 0.15253224; 677.15117501339
1028.14; 0.15218103; 677.46100246235
1030.17; 0.15192032; 677.77029913139
1032.21; 0.15164817; 678.07904171921
1034.24; 0.15128388; 678.38704264014
1036.28; 0.15078542; 678.69402874727
1038.32; 0.15015379; 678.99972890242
1040.35; 0.1494229; 679.30394103961
1042.39; 0.14863929; 679.60655779753
1044.42; 0.14783958; 679.90754642761
1046.46; 0.14703509; 680.20689718473
1048.50; 0.1462097; 680.50456751093
1050.53; 0.14533238; 680.80045169863
1052.57; 0.14437961; 681.09439612526
1054.60; 0.14335866; 681.38626198464
1056.64; 0.14232209; 681.67601747889
1058.68; 0.14136639; 681.96382724151
1060.71; 0.14061331; 682.25010381099
1062.75; 0.14017873; 682.53549560284
1064.78; 0.14013817; 682.82080481629
1066.82; 0.14049994; 683.10685057196
1068.85; 0.14119431; 683.39430999988
1070.89; 0.14208238; 683.68357746121
1072.93; 0.14298257; 683.97467763489
1074.96; 0.14370755; 684.2672538129
1077.00; 0.14410212; 684.56063330138
1079.03; 0.14407285; 684.85395319301
1081.07; 0.14360317; 685.14631686286
1083.11; 0.14275168; 685.43694695876
1085.14; 0.14163539; 685.72530439564
1087.18; 0.14040302; 686.011152834
1089.21; 0.13920451; 686.29456120708
1091.25; 0.13816338; 686.57584992697
1093.29; 0.13735703; 686.85549697802
1095.32; 0.13680818; 687.13402662679
1097.36; 0.13648839; 687.41190521235
1099.39; 0.13633201; 687.68946541371
1101.43; 0.13625713; 687.96687317233
1103.47; 0.1361886; 688.24414141083
1105.50; 0.13607768; 688.52118381882
1107.54; 0.13591383; 688.79789265177
1109.57; 0.13572595; 689.0742189782
1111.61; 0.13557286; 689.35023362376
1113.64; 0.13552577; 689.62615240288
1115.68; 0.1356474; 689.90231880852
1117.72; 0.13597327; 690.17914864555
1119.75; 0.13650013; 690.45705113325
1121.79; 0.13718459; 690.73634712569
1123.82; 0.13795214; 691.01720578135
1125.86; 0.13871435; 691.29961622473
1127.90; 0.13938982; 691.58340185963
1129.93; 0.13992365; 691.86827433901
1131.97; 0.14030067; 692.15391439735
1134.00; 0.14054904; 692.44006011214
1136.04; 0.14073342; 692.72658120472
1138.08; 0.14093917; 693.01352119062
1140.11; 0.14125142; 693.30109690011
1142.15; 0.14173417; 693.5896554328
1144.18; 0.14241473; 693.87959953843
1146.22; 0.1432779; 694.17130096939
1148.26; 0.1442714; 694.46502508778
1150.29; 0.1453217; 694.76088751886
1152.33; 0.14635571; 695.05885511082
1154.36; 0.14732244; 695.35879087703
1156.40; 0.14820791; 695.66052939026
1158.43; 0.14903866; 695.96395923371
1160.47; 0.14987208; 696.26908585927
1162.51; 0.1507761; 696.57605299033
1164.54; 0.15180384; 696.88511249818
1166.58; 0.15297095; 697.19654815406
1168.61; 0.1542428; 697.51057318448
1170.65; 0.15553581; 697.82723067192
1172.69; 0.15673358; 698.14632670831
1174.72; 0.15771386; 698.46741852053
1176.76; 0.15837966; 698.78986583379
1178.79; 0.15868637; 699.11293758667
1180.83; 0.15865833; 699.43595225937
1182.87; 0.1583907; 699.75842205683
1184.90; 0.15803644; 700.08017061658
1186.94; 0.15778156; 700.40140024938
1188.97; 0.15781391; 700.72269574526
1191.01; 0.15829195; 701.04496449056
1193.05; 0.159319; 701.36932422212
1195.08; 0.16092725; 701.6969582182
1197.12; 0.16307369; 702.02896217398
1199.15; 0.16564809; 702.36620739131
1201.19; 0.16849157; 702.70924169641
1203.22; 0.17142262; 703.05824335068
1205.26; 0.1742665; 703.4130348992
1207.30; 0.17688346; 703.77315435268
1209.33; 0.17919092; 704.13797159869
1211.37; 0.1811759; 704.50683009657
1213.40; 0.18289543; 704.87918941301
1215.44; 0.18446501; 705.25474426162
1217.48; 0.18603757; 705.63350070788
1219.51; 0.1877773; 706.01579907994
1221.55; 0.1898335; 706.40228369594
1223.58; 0.19231922; 706.79382902709
1225.62; 0.19529755; 707.19143798516
1227.66; 0.19877638; 707.59612953666
1229.69; 0.20271039; 708.00883039666
1231.73; 0.20700817; 708.43028116762
1233.76; 0.21154253; 708.86096349201
1235.80; 0.21616332; 709.30105335341
1237.84; 0.22071332; 709.75040662238
1239.87; 0.22504773; 710.20858438544
1241.91; 0.22905691; 710.67492448316
1243.94; 0.23268913; 711.1486594649
1245.98; 0.23596778; 711.62906950388
1248.02; 0.23899591; 712.1156445438
1250.05; 0.24194252; 712.60821864327
1252.09; 0.24500982; 713.10703748831
1254.12; 0.24838681; 713.61273160262
1256.16; 0.25220167; 714.1261924444
1258.19; 0.25648813; 714.64838014962
1260.23; 0.26117974; 715.18011956496
1262.27; 0.26613819; 715.72195395538
1264.30; 0.27121077; 716.2741156796
1266.34; 0.27630072; 716.83664010758
1268.37; 0.28142734; 717.40960188325
1270.41; 0.28675325; 717.99340675581
1272.45; 0.29256532; 718.5890445024
1274.48; 0.29921031; 719.19821086577
1276.52; 0.30700218; 719.82324080331
1278.55; 0.3161289; 720.466851954
1280.59; 0.32658835; 721.13175764876
1282.63; 0.33817481; 721.82025236897
1284.66; 0.35052159; 722.5338840824
1286.70; 0.36318792; 723.27330335048
1288.73; 0.37576441; 724.03832726955
1290.77; 0.38796736; 724.82819532767
1292.81; 0.39969737; 725.64194468269
1294.84; 0.41105118; 726.47880940442
1296.88; 0.42229047; 727.33855635744
1298.91; 0.43378369; 728.22170250627
1300.95; 0.44594084; 729.12959956285
1302.98; 0.45915819; 730.06440600503
1305.02; 0.47378089; 731.02898300552
1307.06; 0.49008235; 732.02674837163
1309.09; 0.50825343; 733.06150849053
1311.13; 0.52839448; 734.13727404276
1313.16; 0.55050795; 735.25806071516
1315.20; 0.57449584; 736.42768465618
1317.24; 0.60017019; 737.64957935684
1319.27; 0.62728418; 738.9266758181
1321.31; 0.65558508; 740.26139046347
1323.34; 0.684881; 741.65574907874
1325.38; 0.71510527; 743.11164170025
1327.42; 0.74635794; 744.63116204723
1329.45; 0.77890695; 746.21694937994
1331.49; 0.81314068; 747.87243361851
1333.52; 0.84947637; 749.60189420294
1335.56; 0.88824281; 751.41027990497
1337.60; 0.92956463; 753.30279325975
1339.63; 0.9732795; 755.28430631631
1341.67; 1.0189144; 757.35872817102
1343.70; 1.0657357; 759.5284741437
1345.74; 1.1128695; 761.7941803874
1347.77; 1.1594704; 764.15476207835
1349.81; 1.2048994; 766.60783336658
1351.85; 1.248862; 769.15040866203
1353.88; 1.2914612; 771.77971227203
1355.92; 1.3331378; 774.49386575629
1357.95; 1.3744977; 777.29222454131
1359.99; 1.4160641; 780.17520874988
1362.03; 1.4580183; 783.14360815255
1364.06; 1.5000129; 786.19750501501
1366.10; 1.5411249; 789.33510234331
1368.13; 1.579986; 792.55181750204
1370.17; 1.6150733; 795.83996744516
1372.21; 1.6450899; 799.18922858786
1374.24; 1.6693279; 802.58783611087
1376.28; 1.687902; 806.02425894898
1378.31; 1.7017735; 809.48892292874
1380.35; 1.712544; 812.9755147065
1382.39; 1.7220716; 816.48150389557
1384.42; 1.7320174; 820.0077418042
1386.46; 1.7434536; 823.55726285372
1388.49; 1.7566454; 827.13364123878
1390.53; 1.7710597; 830.73936596524
1392.56; 1.7855823; 834.37465747716
1394.60; 1.7988579; 838.03697693296
1396.64; 1.8096357; 841.72123894137
1398.67; 1.8170108; 845.42051609702
1400.71; 1.8204989; 849.12689467284
1402.74; 1.819944; 852.83214355516
1404.78; 1.8153215; 856.52798137602
1406.82; 1.8065275; 860.20591543296
1408.85; 1.7932443; 863.8568060272
1410.89; 1.7749328; 867.47041597149
1412.92; 1.7509527; 871.03520455747
1414.96; 1.7207621; 874.53852763085
1417.00; 1.684122; 877.96725465853
1419.03; 1.6412355; 881.30866857901
1421.07; 1.5927769; 884.55142489018
1423.10; 1.5398059; 887.68633680292
1425.14; 1.4835988; 890.70681600646
1427.18; 1.4254467; 893.60890249263
1429.21; 1.3664725; 896.39092253658
1431.25; 1.3075049; 899.0528896439
1433.28; 1.2490241; 901.59579501066
1435.32; 1.1911758; 904.02092613161
1437.36; 1.133837; 906.32932031717
1439.39; 1.0767159; 908.52142099502
1441.43; 1.0194677; 910.59696916952
1443.46; 0.96181028; 912.555131898
1445.50; 0.90362792; 914.39484035813
1447.53; 0.845045; 916.11527904354
1449.57; 0.78645692; 917.71643746259
1451.61; 0.72850719; 919.19961521853
1453.64; 0.6720109; 920.56777141388
1455.68; 0.61783813; 921.82563653397
1457.71; 0.56678235; 922.97955649177
1459.75; 0.5194448; 924.03710127143
1461.79; 0.47616175; 925.00652549786
1463.82; 0.43698916; 925.89619770493
1465.86; 0.40174226; 926.7141102817
1467.89; 0.37007285; 927.46754666268
1469.93; 0.34155865; 928.16293059915
1471.97; 0.31578083; 928.80583311082
1474.00; 0.29237409; 929.4010815328
1476.04; 0.27104634; 929.95290848312
1478.07; 0.25157463; 930.46509270955
1480.11; 0.23378932; 930.94106759294
1482.15; 0.21755674; 931.38399434738
1484.18; 0.20276573; 931.79680786925
1486.22; 0.18931807; 932.18224312197
1488.25; 0.17712005; 932.5428442671
1490.29; 0.16607311; 932.88095477731
1492.32; 0.15606478; 933.19868919529
1494.36; 0.14696414; 933.49789549651
1496.40; 0.13862594; 933.78012594679
1498.43; 0.13090502; 934.04663726782
1500.47; 0.12367743; 934.29843384395
1502.50; 0.11686061; 934.5363519503
1504.54; 0.11042365; 934.76116497625
1506.58; 0.10438207; 934.97367786144
1508.61; 0.098777224; 935.17477976444
1510.65; 0.093647569; 935.3654381323
1512.68; 0.089002428; 935.54663939488
1514.72; 0.084808484; 935.71930214814
1516.76; 0.080994006; 935.88419895447
1518.79; 0.077468583; 936.04191830377
1520.83; 0.074149803; 936.19288090264
1522.86; 0.070985814; 936.33740189315
1524.90; 0.067964874; 936.47577251098
1526.94; 0.065108832; 936.608328473
1528.97; 0.062454288; 936.73548001326
1531.01; 0.06003; 936.85769591306
1533.04; 0.057839978; 936.9754531162
1535.08; 0.055858591; 937.08917638572
1537.11; 0.054038492; 937.1991940927
1539.15; 0.05232681; 937.30572696229
1541.19; 0.050682113; 937.40891137056
1543.22; 0.04908519; 937.50884458104
1545.26; 0.04754002; 937.60563195945
1547.29; 0.046065817; 937.69941798655
1549.33; 0.044684574; 937.79039192348
1551.37; 0.043409801; 937.87877053196
1553.40; 0.042240776; 937.96476910642
1555.44; 0.041163717; 938.04857488079
1557.47; 0.040158117; 938.13033334218
1559.51; 0.03920464; 938.21015060612
1561.55; 0.038290898; 938.28810756975
1563.58; 0.037413042; 938.36427729418
1565.62; 0.036573267; 938.43873731015
1567.65; 0.035775153; 938.51157243375
1569.69; 0.035019388; 938.58286888486
1571.73; 0.034301849; 938.65270448817
1573.76; 0.033614608; 938.72114092975
1575.80; 0.032949059; 938.78822236986
1577.83; 0.032299506; 938.85398137702
1579.87; 0.031665631; 938.91844986838
1581.90; 0.031052901; 938.98167089477
1583.94; 0.030470986; 939.04370719277
1585.98; 0.029930948; 939.10464402012
1588.01; 0.02944227; 939.16458594173
1590.05; 0.029010591; 939.22364900194
1592.08; 0.028636569; 939.28195058472
1594.12; 0.028315864; 939.33959924087
1596.16; 0.02803998; 939.39668621988
1598.19; 0.027797637; 939.453279809
1600.23; 0.027576453; 939.5094230872
1602.26; 0.027364737; 939.56513532964
1604.30; 0.027153194; 939.6204168898
1606.34; 0.026936278; 939.67525682616
1608.37; 0.026712855; 939.72964189357
1610.41; 0.02648596; 939.78356502268
1612.44; 0.026261589; 939.8370313509
1614.48; 0.026046808; 939.89006040393
1616.52; 0.025847692; 939.94268407408
1618.55; 0.025667692; 939.99494128062
1620.59; 0.025506933; 940.04687119516
1622.62; 0.025362623; 940.09850730576
1624.66; 0.025230404; 940.14987423154
1626.70; 0.02510616; 940.20098820738
1628.73; 0.024987638; 940.25186088177
1630.77; 0.024875345; 940.30250493736
1632.80; 0.024772408; 940.35293942173
1634.84; 0.02468343; 940.40319275506
1636.87; 0.02461272; 940.45330212862
1638.91; 0.024562465; 940.50330918778
1640.95; 0.02453147; 940.55325314373
1642.98; 0.024514913; 940.60316339035
1645.02; 0.024505275; 940.65305401488
1647.05; 0.02449423; 940.70292215335
1649.09; 0.024474956; 940.75275105223
1651.13; 0.024444167; 940.80251726631
1653.16; 0.024403209; 940.85220009434
1655.20; 0.024357846; 940.90179056607
1657.23; 0.02431673; 940.95129733039
1659.27; 0.024289014; 941.00074766595
1661.31; 0.024281778; 941.05018327046
1663.34; 0.024298052; 941.09965200824
1665.38; 0.024335954; 941.14919790998
1667.41; 0.024389133; 941.19885208089
1669.45; 0.024448308; 941.24862672584
1671.49; 0.024503368; 941.29851346842
1673.52; 0.024545473; 941.34848593308
1675.56; 0.024568649; 941.39850558224
1677.59; 0.02457065; 941.4485293056
1679.63; 0.024553085; 941.49851726709
1681.66; 0.024520974; 941.54843985296
1683.70; 0.024481949; 941.59828298848
1685.74; 0.024445254; 941.64805141586
1687.77; 0.024420629; 941.69776970862
1689.81; 0.02441715; 941.74748091788
1691.84; 0.024442101; 941.79724292616
1693.88; 0.024500034; 941.8471228811
1695.92; 0.024592179; 941.89719043615
1697.95; 0.024716348; 941.9475107867
1699.99; 0.024867322; 941.99813850804
1702.02; 0.025037615; 942.04911293098
1704.06; 0.025218359; 942.10045533426
1706.10; 0.025400129; 942.1521678041
1708.13; 0.025573585; 942.204233417
1710.17; 0.025730023; 942.25661752296
1712.20; 0.025861955; 942.30927023118
1714.24; 0.025963893; 942.36213047645
1716.28; 0.02603329; 942.41513200766
1718.31; 0.026071424; 942.46821117683
1720.35; 0.026083851; 942.52131564683
1722.38; 0.026080069; 942.57441241739
1724.42; 0.02607226; 942.62749328871
1726.45; 0.026073305; 942.6805762871
1728.49; 0.026094586; 942.73370261232
1730.53; 0.026144207; 942.78692996233
1732.56; 0.026226134; 942.84032410833
1734.60; 0.026340392; 942.8939508732
1736.63; 0.026484025; 942.94787006329
1738.67; 0.02665222; 943.00213168297
1740.71; 0.026838968; 943.05677350539
1742.74; 0.027036961; 943.11181842427
1744.78; 0.02723688; 943.16727036225
1746.81; 0.027426717; 943.22310879049
1748.85; 0.027591928; 943.27928357556
1750.89; 0.027717052; 943.33571310127
1752.92; 0.027788795; 943.39228869053
1754.96; 0.027799943; 943.44888697604
1756.99; 0.027752832; 943.50538934774
1759.03; 0.027661012; 943.56170478074
1761.07; 0.027548081; 943.61779029612
1763.10; 0.027443514; 943.67366292269
1765.14; 0.027376277; 943.72939865916
1767.17; 0.027367843; 943.7851172246
1769.21; 0.027426575; 943.84095536332
1771.24; 0.027545139; 943.89703488861
1773.28; 0.027701822; 943.95343340733
1775.32; 0.027865509; 944.01016517851
1777.35; 0.028003038; 944.06717694612
1779.39; 0.028086984; 944.1243596208
1781.42; 0.028101834; 944.18157252882
1783.46; 0.02804699; 944.23867378066
1785.50; 0.02793596; 944.29554898466
1787.53; 0.027792116; 944.35213133395
1789.57; 0.027642319; 944.40840870986
1791.60; 0.027510186; 944.46441707411
1793.64; 0.02741077; 944.52022303584
1795.68; 0.027347953; 944.57590110696
1797.71; 0.027315027; 944.6315121451
1799.75; 0.027298063; 944.68708864602
1801.78; 0.027280902; 944.74263020871
1803.82; 0.027250255; 944.79810937663
1805.86; 0.027199432; 944.85348507288
1807.89; 0.02712972; 944.90871884207
1809.93; 0.027049176; 944.96378863025
1811.96; 0.026969377; 945.01869595492
1814.00; 0.026901278; 945.07346463514
1816.04; 0.026851516; 945.12813200447
1818.07; 0.026820308; 945.18273583755
1820.11; 0.026801496; 945.23730137076
1822.14; 0.026784584; 945.29183247138
1824.18; 0.02675797; 945.34630938952
1826.21; 0.026712247; 945.40069321902
1828.25; 0.026642483; 945.45493501556
1830.29; 0.026548862; 945.50898620744
1832.32; 0.026435638; 945.56280688588
1834.36; 0.026308984; 945.61636970681
1836.39; 0.026174623; 945.66965898074
1838.43; 0.026036157; 945.72266635016
1840.47; 0.025894631; 945.77538558458
1842.50; 0.025749373; 945.82780908668
1844.54; 0.025599643; 945.87992775029
1846.57; 0.025446324; 945.9317342708
1848.61; 0.02529294; 945.98322851397
1850.65; 0.025145545; 946.03442267336
1852.68; 0.025011532; 946.08534399425
1854.72; 0.024897788; 946.13603374111
1856.75; 0.024808861; 946.18654244037
1858.79; 0.02474577; 946.2369226933
1860.83; 0.024705791; 946.28722155142
1862.86; 0.024683174; 946.3374743626
1864.90; 0.024670434; 946.38770123649
1866.93; 0.024659679; 946.43790621436
1868.97; 0.024643534; 946.48807832364
1871.00; 0.024615478; 946.53819331324
1873.04; 0.024569706; 946.58821511416
1875.08; 0.024500875; 946.63809678088
1877.11; 0.024404123; 946.68778146967
1879.15; 0.0242756; 946.73720449574
1881.18; 0.024113459; 946.78629741682
1883.22; 0.023918987; 946.83499441078
1885.26; 0.023697367; 946.88324020546
1887.29; 0.02345762; 946.93099789555
1889.33; 0.023211522; 946.97825455048
1891.36; 0.02297163; 947.02502280574
1893.40; 0.022748896; 947.07133759421
1895.44; 0.02255052; 947.11724850618
1897.47; 0.022378655; 947.16280951707
1899.51; 0.022230335; 947.20806856115
1901.54; 0.022098607; 947.25305941731
1903.58; 0.021974514; 947.29779763078
1905.62; 0.021849339; 947.34228099887
1907.65; 0.021716495; 947.38649390769
1909.69; 0.021572626; 947.4304139119
1911.72; 0.021417765; 947.4740186337
1913.76; 0.021254681; 947.5172913296
1915.79; 0.021087737; 947.56022414271
1917.83; 0.020921659; 947.60281883499
1919.87; 0.020760495; 947.64508541022
1921.90; 0.020606936; 947.68703935252
1923.94; 0.020462003; 947.72869822551
1925.97; 0.020325028; 947.77007822921
1928.01; 0.02019384; 947.81119114507
1930.05; 0.020065126; 947.85204201012
1932.08; 0.019934947; 947.89262784189
1934.12; 0.019799396; 947.93293770247
1936.15; 0.019655321; 947.97295424045
1938.19; 0.019500978; 948.01265654941
1940.23; 0.019336403; 948.05202379745
1942.26; 0.019163374; 948.09103877378
1944.30; 0.018984922; 948.12969043692
1946.33; 0.018804525; 948.16797482723
1948.37; 0.01862527; 948.20589426866
1950.41; 0.018449288; 948.24345542754
1952.44; 0.018277698; 948.28066724256
1954.48; 0.018111045; 948.31753976616
1956.51; 0.017950041; 948.3540845008
1958.55; 0.017796202; 948.39031603204
1960.58; 0.017651999; 948.42625397789
1962.62; 0.01752033; 948.46192385762
1964.66; 0.017403398; 948.49735567421
1966.69; 0.017301385; 948.53257980003
1968.73; 0.017211477; 948.56762088088
1970.76; 0.01712774; 948.60249148087
1972.80; 0.017042055; 948.6371876336
1974.84; 0.016945936; 948.67168809705
1976.87; 0.016832688; 948.70595799719
1978.91; 0.016699172; 948.73995606982
1980.94; 0.016546552; 948.77364342188
1982.98; 0.016379731; 948.80699114065
1985.02; 0.016205645; 948.83998443577
1987.05; 0.016031014; 948.87262219658
1989.09; 0.015860324; 948.90491244713
1991.12; 0.015694741; 948.93686558522
1993.16; 0.015532284; 948.96848797453
1995.20; 0.01536912; 948.99977817699
1997.23; 0.01520144; 949.03072699617
1999.27; 0.015027161; 949.06132100002
2001.30; 0.014846842; 949.09154788858
2003.34; 0.014663476; 949.12140145975
2005.37; 0.014481336; 949.15088420964
2007.41; 0.014304353; 949.18000663876
2009.45; 0.01413471; 949.20878368777
2011.48; 0.013972191; 949.23722986331
2013.52; 0.013814555; 949.2653551046
2015.55; 0.013658741; 949.29316312201
2017.59; 0.013502458; 949.32065296138
2019.63; 0.013345527; 949.34782330168
2021.66; 0.013190466; 949.37467795112
2023.70; 0.013042096; 949.40123053337
2025.73; 0.012906275; 949.42750659477
2027.77; 0.012788163; 949.45354219131
2029.81; 0.01269058; 949.47937911705
2031.84; 0.012612919; 949.50505793192
2033.88; 0.012550925; 949.53061053129
2035.91; 0.01249734; 949.55605403599
2037.95; 0.012443205; 949.58138732712
2039.99; 0.012379444; 949.6065908059
2042.02; 0.012298348; 949.63162918097
2044.06; 0.012194677; 949.65645649034
2046.09; 0.012066218; 949.68102226804
2048.13; 0.011913815; 949.70527776751
2050.17; 0.01174097; 949.72918136903
2052.20; 0.011553162; 949.7527026096
2054.24; 0.011357047; 949.77582457692
2056.27; 0.011159644; 949.79854464847
2058.31; 0.010967594; 949.82087372265
2060.34; 0.010786547; 949.84283420072
2062.38; 0.010620716; 949.86445706139
2064.42; 0.01047263; 949.88577843144
2066.45; 0.010343098; 949.90683608702
2068.49; 0.010231383; 949.92766629948
2070.52; 0.010135525; 949.94830135366
2072.56; 0.010052767; 949.96876791998
2074.60; 0.009979974; 949.98908628576
2076.63; 0.009913978; 950.00927028941
2078.67; 0.0098517988; 950.02932770154
2080.70; 0.0097907314; 950.0492607856
2082.74; 0.0097283409; 950.06906684815
2084.78; 0.0096624303; 950.08873872225
2086.81; 0.0095910477; 950.10826526771
2088.85; 0.0095125815; 950.1276320626
2090.88; 0.009425942; 950.14682246704
2092.92; 0.0093307916; 950.16581915355
2094.96; 0.0092277447; 950.18460604532
2096.99; 0.0091184566; 950.20317043605
2099.03; 0.0090055422; 950.22150494267
2101.06; 0.0088923072; 950.23960891278
2103.10; 0.0087823359; 950.25748899071
2105.13; 0.0086790174; 950.27515872103
2107.17; 0.0085851196; 950.29263728358
2109.21; 0.0085025021; 950.30994764404
2111.24; 0.0084320184; 950.32711450588
2113.28; 0.0083736007; 950.34416243414
2115.31; 0.0083264639; 950.3611143961
2117.35; 0.0082893409; 950.37799077879
2119.39; 0.0082606593; 950.39480876821
2121.42; 0.008238615; 950.41158187726
2123.46; 0.0082211484; 950.42831942589
2125.49; 0.008205885; 950.44502589959
2127.53; 0.0081901265; 950.4617002902
2129.57; 0.0081709694; 950.47833567862
2131.60; 0.0081455823; 950.49491938119
2133.64; 0.0081116065; 950.51143391205
2135.67; 0.0080675872; 950.52785882328
2137.71; 0.0080133111; 950.54417323312
2139.75; 0.00794994; 950.56035862489
2141.78; 0.007879877; 950.57640137445
2143.82; 0.0078063787; 950.59229448767
2145.85; 0.0077329937; 950.6080381955
2147.89; 0.007662955; 950.62363931059
2149.92; 0.007598657; 950.63910952046
2151.96; 0.0075413237; 950.65446300465
2154.00; 0.0074909207; 950.66971387265
2156.03; 0.00744631; 950.68487391717
2158.07; 0.0074056035; 950.69995108672
2160.10; 0.0073666428; 950.71494893575
2162.14; 0.0073275241; 950.72986714242
2164.18; 0.0072870793; 950.74470300693
2166.21; 0.0072452297; 950.75945366922
2168.25; 0.0072031307; 950.77411862162
2170.28; 0.0071630485; 950.78870197021
2172.32; 0.0071279489; 950.80321385891
2174.36; 0.0071008409; 950.81767055825
2176.39; 0.0070839931; 950.83209295673
2178.43; 0.0070781957; 950.84650355221
2180.46; 0.0070822714; 950.86092244546
2182.50; 0.0070929962; 950.87536317362
2184.54; 0.0071055065; 950.88982937161
2186.57; 0.0071141389; 950.90431314435
2188.61; 0.007113529; 950.91879567543
2190.64; 0.0070997124; 950.9332500771
2192.68; 0.0070709624; 950.94764594631
2194.71; 0.0070281656; 950.96195468497
2196.75; 0.0069746555; 950.97615448155
2198.79; 0.0069155608; 950.99023396647
2200.82; 0.0068568375; 951.00419389589
2202.86; 0.0068042077; 951.01804667562
2204.89; 0.0067622258; 951.03181398369
2206.93; 0.0067336359; 951.04552308515
2208.97; 0.0067191058; 951.05920260468
2211.00; 0.0067173414; 951.07287853214
2213.04; 0.0067255226; 951.08657111565
2215.07; 0.0067399587; 951.1002930898
2217.11; 0.0067568385; 951.11404942992
2219.15; 0.0067729377; 951.12783854645
2221.18; 0.0067861525; 951.14165456725
2223.22; 0.0067957564; 951.15549014073
2225.25; 0.006802321; 951.16933907926
2227.29; 0.0068073205; 951.18319819624
2229.33; 0.0068125136; 951.1970678859
2231.36; 0.0068192664; 951.21095132379
2233.40; 0.0068280008; 951.22485254413
2235.43; 0.0068379258; 951.23877397094
2237.47; 0.0068471323; 951.25271414131
2239.51; 0.0068530243; 951.26666630743
2241.54; 0.0068529676; 951.28061835799
2243.58; 0.006844976; 951.29455413832
2245.61; 0.0068282621; 951.3084558906
2247.65; 0.0068035271; 951.32230728453
2249.68; 0.0067729491; 951.33609642445
2251.72; 0.006739908; 951.34981829549
2253.76; 0.0067085343; 951.36347629232
2255.79; 0.0066831861; 951.37708268245
2257.83; 0.0066679377; 951.39065802813
2259.86; 0.0066661329; 951.40422969941
2261.90; 0.0066800305; 951.4178296649
2263.94; 0.0067105543; 951.43149177424
2265.97; 0.0067571624; 951.44524877369
2268.01; 0.00681785; 951.45912932789
2270.04; 0.0068892986; 951.47315534525
2272.08; 0.0069671677; 951.48733989745
2274.12; 0.0070465062; 951.50168597588
2276.15; 0.0071222397; 951.51618624124
2278.19; 0.0071896849; 951.53082381915
2280.22; 0.0072450389; 951.54557409298
2282.26; 0.0072857999; 951.56040735272
2284.30; 0.0073110743; 951.575292069
2286.33; 0.0073217205; 951.59019846012
2288.37; 0.0073202761; 951.60510191055
2290.40; 0.0073106249; 951.61998571182
2292.44; 0.0072973998; 951.63484258808
2294.47; 0.007285186; 951.64967459804
2296.51; 0.0072776651; 951.66449129602
2298.55; 0.007276906; 951.67930644866
2300.58; 0.0072830105; 951.69413402943
2302.62; 0.007294254; 951.70898450109
2304.65; 0.0073077327; 951.72386241411
2306.69; 0.0073203629; 951.73876604124
2308.73; 0.0073299548; 951.75368919656
2310.76; 0.0073360294; 951.76862471934
2312.80; 0.0073401158; 951.78356856156
2314.83; 0.0073454157; 951.79852319409
2316.87; 0.0073559288; 951.81349923022
2318.91; 0.007375298; 951.82851470037
2320.94; 0.0074057269; 951.84359212117
2322.98; 0.0074472856; 951.85875415185
2325.01; 0.0074977948; 951.8740190149
2327.05; 0.0075532977; 951.88939687718
2329.09; 0.0076089621; 951.90488806732
2331.12; 0.0076601539; 951.92048347952
2333.16; 0.0077034106; 951.9361669586
2335.19; 0.0077371004; 951.95191902732
2337.23; 0.0077616553; 951.96772108757
2339.26; 0.0077793662; 951.98355920575
2341.30; 0.0077938123; 951.99942673492
2343.34; 0.0078090438; 952.01532527405
2345.37; 0.007828673; 952.03126377668
2347.41; 0.0078550461; 952.04725597263
2349.44; 0.0078886721; 952.06331662818
2351.48; 0.0079280656; 952.07945748543
2353.52; 0.0079700892; 952.09568389917
2355.55; 0.0080107679; 952.11199313135
2357.59; 0.008046403; 952.12837491344
2359.62; 0.00807469; 952.14481428549
2361.66; 0.0080954967; 952.16129601808
2363.70; 0.0081110193; 952.17780935336
2365.73; 0.0081252171; 952.19435159415
2367.77; 0.0081426636; 952.21092935448
2369.80; 0.0081671741; 952.22755701609
2371.84; 0.0082006738; 952.24425288028
2373.88; 0.0082427074; 952.26103432123
2375.91; 0.0082907679; 952.27791360908
2377.95; 0.0083413169; 952.29489581034
2379.98; 0.008391098; 952.31197936169
2382.02; 0.0084382225; 952.32915885447
2384.05; 0.0084825945; 952.34642868477
2386.09; 0.0085255116; 952.36378589066
2388.13; 0.0085686261; 952.38123087381
2390.16; 0.0086127341; 952.39876565708
2392.20; 0.0086569578; 952.41639047607
2394.23; 0.0086987381; 952.43410035613
2396.27; 0.0087347232; 952.45188349872
2398.31; 0.0087622468; 952.46972267698
2400.34; 0.0087808046; 952.48759963735
2402.38; 0.008792887; 952.50550119637
2404.41; 0.0088037416; 952.52342485452
2406.45; 0.008820047; 952.54138170905
2408.49; 0.0088479139; 952.55939529806
2410.52; 0.0088909234; 952.57749645088
2412.56; 0.008948932; 952.59571570411
2414.59; 0.0090181061; 952.61407578981
2416.63; 0.0090922049; 952.63258673425
2418.67; 0.0091646662; 952.65124520367
2420.70; 0.0092307652; 952.67003824495
2422.74; 0.0092891065; 952.68895006405
2424.77; 0.0093419797; 952.70796952842
2426.81; 0.0093945397; 952.72709600049
2428.85; 0.0094531917; 952.74634188292
2430.88; 0.0095238027; 952.76573152328
2432.92; 0.0096103466; 952.7852973595
2434.95; 0.0097143385; 952.80507491432
2436.99; 0.0098350576; 952.82509824283
2439.02; 0.0099702453; 952.8453968018
2441.06; 0.010116834; 952.86599380264
2443.10; 0.010271347; 952.88690537887
2445.13; 0.010429859; 952.90813967214
2447.17; 0.010587688; 952.92969529063
2449.20; 0.010739169; 952.95155931091
2451.24; 0.010877862; 952.97370569854
2453.28; 0.010997343; 952.99609533952
2455.31; 0.01109245; 953.01867860948
2457.35; 0.011160603; 953.0414006335
2459.38; 0.011202725; 953.06420841409
2461.42; 0.011223373; 953.08705823334
2463.46; 0.011229976; 953.10992149473
2465.49; 0.011231357; 953.13278756913
2467.53; 0.011236001; 953.15566309744
2469.56; 0.011250547; 953.17856823974
2471.60; 0.011278927; 953.2015311623
2473.64; 0.011322282; 953.22458235037
2475.67; 0.01137952; 953.24775007109
2477.71; 0.011448217; 953.27105765384
2479.74; 0.011525467; 953.29452250896
2481.78; 0.011608432; 953.31815627411
2483.81; 0.011694537; 953.34196534228
2485.85; 0.011781412; 953.3659512809
2487.89; 0.01186683; 953.39011112336
2489.92; 0.011948848; 953.41443794747
2491.96; 0.012026236; 953.43892232516
2493.99; 0.012099093; 953.46355503453
2496.03; 0.012169423; 953.48833092903
2498.07; 0.012241345; 953.51325325146
2500.10; 0.012320737; 953.53833720846
2502.14; 0.012414223; 953.56361149512
2504.17; 0.012527681; 953.58911677338
2506.21; 0.012664604; 953.61490081497
2508.25; 0.012824769; 953.64101093727
2510.28; 0.013003642; 953.66748522987
2512.32; 0.013192797; 953.69434462534
2514.35; 0.013381358; 953.721587916
2516.39; 0.013558224; 953.74919128973
2518.43; 0.013714555; 953.77711293947
2520.46; 0.013845912; 953.80530202182
2522.50; 0.013953442; 953.83371002598
2524.53; 0.014043709; 953.86230180623
2526.57; 0.014127115; 953.89106339341
2528.60; 0.014215211; 953.92000433619
2530.64; 0.014317547; 953.94915362522
2532.68; 0.014438869; 953.97854991685
2534.71; 0.014577457; 954.00822836147
2536.75; 0.014725106; 954.03820740705
2538.78; 0.014868878; 954.06847915905
2540.82; 0.014994236; 954.09900612862
2542.86; 0.015088813; 954.12972564929
2544.89; 0.015145845; 954.16056128194
2546.93; 0.015166357; 954.19143867539
2548.96; 0.015159499; 954.22230210717
2551.00; 0.015140883; 954.25312763885
2553.04; 0.015129293; 954.28392957305
2555.07; 0.015142555; 954.31475850869
2557.11; 0.01519359; 954.34569134651
2559.14; 0.015287596; 954.37681557258
2561.18; 0.01542107; 954.40821154078
2563.22; 0.015582877; 954.43993693415
2565.25; 0.015757084; 954.47201699738
2567.29; 0.015926832; 954.50444265325
2569.32; 0.016078273; 954.53717662905
2571.36; 0.016203589; 954.57016573864
2573.39; 0.016302394; 954.603356006
2575.43; 0.016381217; 954.63670674906
2577.47; 0.016451311; 954.67020019886
2579.50; 0.016525433; 954.70384455442
2581.54; 0.016614466; 954.73767017414
2583.57; 0.01672477; 954.77172036179
2585.61; 0.016856841; 954.80603943528
2587.65; 0.017005502; 954.84066116908
2589.68; 0.017161376; 954.87560024946
2591.72; 0.017313142; 954.91084831219
2593.75; 0.017449923; 954.94637485025
2595.79; 0.017563292; 954.98213219717
2597.83; 0.017648579; 955.0180631816
2599.86; 0.017705453; 955.05410995687
2601.90; 0.017737891; 955.09022277123
2603.93; 0.017753709; 955.12636779068
2605.97; 0.01776377; 955.16253329373
2608.01; 0.017780844; 955.1987335584
2610.04; 0.017818104; 955.23500968093
2612.08; 0.01788728; 955.27142663924
2614.11; 0.01799669; 955.30806634727
2616.15; 0.018149553; 955.34501727046
2618.19; 0.018343073; 955.38236218307
2620.22; 0.018568702; 955.42016645872
2622.26; 0.018813684; 955.45846949491
2624.29; 0.019063562; 955.49728126206
2626.33; 0.01930503; 955.53658463678
2628.36; 0.019528292; 955.57634255364
2630.40; 0.019728307; 955.61650768499
2632.44; 0.019904661; 955.65703185662
2634.47; 0.020060321; 955.69787293794
2636.51; 0.020199948; 955.73899828971
2638.54; 0.020328535; 955.78038543277
2640.58; 0.02045091; 955.82202172051
2642.62; 0.020572199; 955.86390494215
2644.65; 0.020698779; 955.90604587047
2646.69; 0.020838961; 955.94847219757
2648.72; 0.021002665; 955.99123181174
2650.76; 0.021199765; 956.03439270442
2652.80; 0.021437393; 956.07803738714
2654.83; 0.021717053; 956.12225143328
2656.87; 0.022032654; 956.16710801523
2658.90; 0.022370382; 956.2126521831
2660.94; 0.02271076; 956.25888932968
2662.98; 0.023032468; 956.30578144728
2665.01; 0.023316901; 956.35325264549
2667.05; 0.023552112; 956.40120271348
2669.08; 0.023735051; 956.44952522991
2671.12; 0.023871541; 956.49812562771
2673.15; 0.023974192; 956.54693501431
2675.19; 0.024059053; 956.59591716983
2677.23; 0.024142057; 956.64506831403
2679.26; 0.024236212; 956.69441114907
2681.30; 0.024350056; 956.74398576178
2683.33; 0.024487418; 956.79384003223
2685.37; 0.024648126; 956.84402148931
2687.41; 0.024829183; 956.89457156394
2689.44; 0.025026022; 956.94552238391
2691.48; 0.025233624; 956.99689586482
2693.51; 0.025447519; 957.04870481734
2695.55; 0.025664657; 957.10095584374
2697.59; 0.025884113; 957.1536536638
2699.62; 0.02610741; 957.20680609665
2701.66; 0.026338195; 957.26042838953
2703.69; 0.026581125; 957.31454526507
2705.73; 0.026840047; 957.36918928357
2707.77; 0.027115946; 957.42439500868
2709.80; 0.027405297; 957.48018982871
2711.84; 0.027699519; 957.53658365893
2713.87; 0.027985923; 957.59356058245
2715.91; 0.028250116; 957.65107538042
2717.94; 0.028479308; 957.70905679311
2719.98; 0.028665637; 957.76741755707
2722.02; 0.028808587; 957.82606935385
2724.05; 0.028915787; 957.8849394003
2726.09; 0.029001982; 957.94398493254
2728.12; 0.029086425; 958.0032023833
2730.16; 0.029189356; 958.0626293924
2732.20; 0.029328399; 958.12233948112
2734.23; 0.029515648; 958.18243079364
2736.27; 0.029755986; 958.24301141401
2738.30; 0.03004687; 958.30418424753
2740.34; 0.030379518; 958.36603432416
2742.38; 0.030741198; 958.42862075044
2744.41; 0.031118116; 958.49197454972
2746.45; 0.031498333; 958.55610243741
2748.48; 0.031874099; 958.62099535125
2750.52; 0.032243097; 958.68663951506
2752.56; 0.032608305; 958.75302721072
2754.59; 0.032976484; 958.82016448565
2756.63; 0.033355698; 958.88807380821
2758.66; 0.033752533; 958.95679105258
2760.70; 0.034169777; 959.02635777043
2762.73; 0.034605208; 959.09681098672
2764.77; 0.035051742; 959.16817330858
2766.81; 0.035498791; 959.24044578263
2768.84; 0.035934271; 959.31360485697
2770.88; 0.036346638; 959.38760347573
2772.91; 0.036726433; 959.4623753241
2774.95; 0.037067198; 959.53784094055
2776.99; 0.037365974; 959.61391483811
2779.02; 0.037623748; 959.69051354124
2781.06; 0.037846107; 959.76756494925
2783.09; 0.038043964; 959.84501917629
2785.13; 0.0382338; 959.92285989423
2787.17; 0.038436679; 960.00111365495
2789.20; 0.038675449; 960.07985353114
2791.24; 0.038970232; 960.15919356091
2793.27; 0.039333102; 960.23927236166
2795.31; 0.039763587; 960.32022759371
2797.35; 0.040246817; 960.4021666401
2799.38; 0.040755557; 960.48514143779
2801.42; 0.041256215; 960.56913553181
2803.45; 0.04171742; 960.65406859881
2805.49; 0.042118638; 960.7398185098
2807.52; 0.042455934; 960.82625512715
2809.56; 0.042742715; 960.91327560577
2811.60; 0.043004871; 961.00082981262
2813.63; 0.043271729; 961.08892731885
2815.67; 0.043565786; 961.1776234986
2817.70; 0.043894804; 961.26698953207
2819.74; 0.04424912; 961.35707692229
2821.78; 0.044605207; 961.44788927435
2823.81; 0.044934302; 961.53937163517
2825.85; 0.045213022; 961.63142144591
2827.88; 0.045432149; 961.72391737992
2829.92; 0.045600428; 961.81675591537
2831.96; 0.045742077; 961.90988283674
2833.99; 0.045889039; 962.00330896036
2836.03; 0.046070932; 962.09710540269
2838.06; 0.046306437; 962.19138131124
2840.10; 0.04659918; 962.28625322068
2842.14; 0.046939362; 962.3818177109
2844.17; 0.047310083; 962.4781369572
2846.21; 0.04769558; 962.57524104215
2848.24; 0.048087939; 962.67314393508
2850.28; 0.048489649; 962.77186467607
2852.32; 0.048911195; 962.87144364708
2854.35; 0.049364948; 962.97194642109
2856.39; 0.049858155; 963.07345332274
2858.42; 0.050388054; 963.17603905237
2860.46; 0.050941171; 963.27975088065
2862.49; 0.051496994; 963.38459431687
2864.53; 0.052034342; 963.49053174602
2866.57; 0.052537674; 963.59749391697
2868.60; 0.05300075; 963.70539886913
2870.64; 0.053426313; 963.81417023094
2872.67; 0.053822358; 963.92374790604
2874.71; 0.054197022; 964.03408836549
2876.75; 0.054554712; 964.14515705047
2878.78; 0.054895345; 964.25691923554
2880.82; 0.055216991; 964.36933626376
2882.85; 0.05552042; 964.48237104753
2884.89; 0.055813028; 964.59600155513
2886.93; 0.056109758; 964.71023618095
2888.96; 0.056430037; 964.82512286555
2891.00; 0.056791667; 964.94074579738
2893.03; 0.057204311; 965.0572088382
2895.07; 0.057665673; 965.17461117148
2897.11; 0.058162564; 965.2930251312
2899.14; 0.058677012; 965.41248646273
2901.18; 0.059195261; 965.53300290502
2903.21; 0.059716012; 965.65457955233
2905.25; 0.060254254; 965.777252014
2907.28; 0.06083861; 965.9011141726
2909.32; 0.061502683; 966.02632832815
2911.36; 0.062273374; 966.15311154338
2913.39; 0.063160457; 966.28170078199
2915.43; 0.064151394; 966.41230748404
2917.46; 0.065213408; 966.54507635485
2919.50; 0.066302128; 966.68006176482
2921.54; 0.067373751; 966.8172289072
2923.57; 0.068396499; 966.95647827603
2925.61; 0.069357631; 967.09768442615
2927.64; 0.070264103; 967.24073607537
2929.68; 0.0711373; 967.38556547876
2931.72; 0.072004192; 967.53215979984
2933.75; 0.072888115; 967.68055371086
2935.79; 0.073801972; 967.83080815651
2937.82; 0.074745396; 967.9829833329
2939.86; 0.075705901; 968.13711401436
2941.90; 0.076662956; 968.29319317658
2943.93; 0.077593482; 968.45116680928
2945.97; 0.078477448; 968.61094012054
2948.00; 0.079302705; 968.77239358305
2950.04; 0.080068589; 968.93540632053
2952.07; 0.080787991; 969.09988369786
2954.11; 0.081487556; 969.26578532836
2956.15; 0.082205758; 969.43314915793
2958.18; 0.082988859; 969.60210731251
2960.22; 0.083885261; 969.77289046358
2962.25; 0.084939321; 969.9458195898
2964.29; 0.086185869; 970.12128658101
2966.33; 0.08764643; 970.29972714916
2968.36; 0.089327457; 970.48159014227
2970.40; 0.091220131; 970.66730645603
2972.43; 0.093300899; 970.85725903439
2974.47; 0.095532134; 971.051754214
2976.51; 0.097863071; 971.25099498049
2978.54; 0.10023202; 971.45505872935
2980.58; 0.10257118; 971.66388480648
2982.61; 0.10481473; 971.87727855986
2984.65; 0.10690952; 972.09493710973
2986.69; 0.10882577; 972.31649699008
2988.72; 0.11056436; 972.54159649179
2990.76; 0.11215714; 972.76993874972
2992.79; 0.11365896; 973.00133857312
2994.83; 0.1151327; 973.2357388137
2996.86; 0.1166315; 973.47319049086
2998.90; 0.11818367; 973.71380224625
3000.94; 0.11978529; 973.95767476232
3002.97; 0.12140291; 974.20484061332
3005.01; 0.12298514; 974.45522774648
3007.04; 0.12447913; 974.70865650855
3009.08; 0.12584666; 974.96486944545
3011.12; 0.12707563; 975.22358445211
3013.15; 0.12818517; 975.4845584037
3015.19; 0.12922558; 975.74765052482
3017.22; 0.13027534; 976.01287987635
3019.26; 0.13143753; 976.28047534271
3021.30; 0.13283504; 976.5509160189
3023.33; 0.13460216; 976.82495439385
3025.37; 0.1368687; 977.10360725372
3027.40; 0.13973483; 977.38809529883
3029.44; 0.14323895; 977.67971742927
3031.48; 0.1473266; 977.97966166413
3033.51; 0.1518321; 978.28877872606
3035.55; 0.15648491; 978.6073684931
3037.58; 0.16094736; 978.93504343188
3039.62; 0.16488158; 979.27072809505
3041.66; 0.16803202; 979.61282679299
3043.69; 0.17030229; 979.95954754862
3045.73; 0.17180199; 980.30932157053
3047.76; 0.17284523; 980.66121954635
3049.80; 0.17389423; 981.01525319186
3051.83; 0.1754577; 981.37246992086
3053.87; 0.17796801; 981.73479742915
3055.91; 0.18166946; 982.10466077888
3057.94; 0.18654895; 982.48445834874
3059.98; 0.19232995; 982.87602551849
3062.01; 0.19853356; 983.28022271187
3064.05; 0.20459191; 983.69675418867
3066.09; 0.20998422; 984.1242639335
3068.12; 0.21435995; 984.56068228971
3070.16; 0.21761737; 985.00373247813
3072.19; 0.21991869; 985.45146794444
3074.23; 0.22164082; 985.9027095356
3076.27; 0.22327825; 986.35728477362
3078.30; 0.2253258; 986.81602866501
3080.34; 0.22817284; 987.2805688814
3082.37; 0.2320337; 987.7529694656
3084.41; 0.23692738; 988.23533317278
3086.45; 0.24270451; 988.72945860513
3088.48; 0.24910717; 989.23661930293
3090.52; 0.25584111; 989.75748973255
3092.55; 0.2626399; 990.29220191029
3094.59; 0.26930714; 990.8404880037
3096.62; 0.27573195; 991.40185446084
3098.66; 0.28188149; 991.97574084134
3100.70; 0.28777946; 992.56163497938
3102.73; 0.29348089; 993.15913674581
3104.77; 0.29905078; 993.76797832464
3106.80; 0.3045502; 994.38801623962
3108.84; 0.31002983; 995.01921021662
3110.88; 0.31552895; 995.66159992193
3112.91; 0.32107779; 996.31528658394
3114.95; 0.3267025; 996.98042468397
3116.98; 0.33243271; 997.65722898541
3119.02; 0.33831153; 998.34600205625
3121.06; 0.34440693; 999.04718484992
3123.09; 0.35082142; 999.76142697572
3125.13; 0.35769603; 1000.4896652302
3127.16; 0.36520522; 1001.2331915383
3129.20; 0.37354043; 1001.9936876137
3131.24; 0.38288339; 1002.7732051483
3133.27; 0.39337227; 1003.5740771498
3135.31; 0.40506607; 1004.3987567142
3137.34; 0.41791336; 1005.2495922471
3139.38; 0.43173211; 1006.1285615695
3141.41; 0.44620703; 1007.0370005822
3143.45; 0.46091016; 1007.9753738847
3145.49; 0.47534831; 1008.943142029
3147.52; 0.48903651; 1009.9387781477
3149.56; 0.5015891; 1010.95997026
3151.59; 0.51281231; 1012.0040118685
3153.63; 0.52277451; 1013.068335649
3155.67; 0.53182916; 1014.151093915
3157.70; 0.54057214; 1015.2516521289
3159.74; 0.54973051; 1016.3708560108
3161.77; 0.56000123; 1017.5109701853
3163.81; 0.57187814; 1018.6752647227
3165.85; 0.58551712; 1019.8673270548
3167.88; 0.60068485; 1021.0902695603
3169.92; 0.61681597; 1022.3460536379
3171.95; 0.63317103; 1023.6351352077
3173.99; 0.64905297; 1024.9565510395
3176.03; 0.66401679; 1026.3084319168
3178.06; 0.67800381; 1027.6887891654
3180.10; 0.69135268; 1029.0963235583
3182.13; 0.70467794; 1030.5309870216
3184.17; 0.71865133; 1031.9940991165
3186.20; 0.73375532; 1033.4879616179
3188.24; 0.75008973; 1035.0150795708
3190.28; 0.76729699; 1036.5772300294
3192.31; 0.78463272; 1038.1746745307
3194.35; 0.80116113; 1039.8057694457
3196.38; 0.81601458; 1041.4671047043
3198.42; 0.82863749; 1043.1541391128
3200.46; 0.838943; 1044.8621546562
3202.49; 0.84734192; 1046.5872696734
3204.53; 0.85464532; 1048.327253785
3206.56; 0.86187992; 1050.0819669153
3208.60; 0.87007572; 1051.853365984
3210.64; 0.88008371; 1053.6451404598
3212.67; 0.8924609; 1055.4621138357
3214.71; 0.90743103; 1057.309565101
3216.74; 0.92490436; 1059.1925905524
3218.78; 0.94452831; 1061.1155686773
3220.82; 0.96574454; 1063.0817412198
3222.85; 0.9878428; 1065.0929039116
3224.89; 1.010018; 1067.1492134271
3226.92; 1.031445; 1069.2491463436
3228.96; 1.0513796; 1071.389664477
3231.00; 1.0692799; 1073.5666261379
3233.03; 1.0849193; 1075.775428275
3235.07; 1.0984539; 1078.0117855641
3237.10; 1.1104085; 1080.27248142
3239.14; 1.1215686; 1082.5558982584
3241.17; 1.1327958; 1084.8621726861
3243.21; 1.1448179; 1087.192923033
3245.25; 1.1580591; 1089.5506315007
3247.28; 1.17257; 1091.9378827507
3249.32; 1.1880827; 1094.3567165443
3251.35; 1.2041764; 1096.8083156832
3253.39; 1.2204897; 1099.2931273297
3255.43; 1.2368986; 1101.8113460366
3257.46; 1.253583; 1104.363532734
3259.50; 1.2709449; 1106.9510669591
3261.53; 1.2893962; 1109.57616631
3263.57; 1.3090862; 1112.2413528662
3265.61; 1.329674; 1114.9484544353
3267.64; 1.3502394; 1117.6974252927
3269.68; 1.3693887; 1120.4853824632
3271.71; 1.3855452; 1123.3062328838
3273.75; 1.3973483; 1126.1511134291
3275.79; 1.4040446; 1129.0096270733
3277.82; 1.4057503; 1131.8716134396
3279.86; 1.4035023; 1134.7290230525
3281.89; 1.3990793; 1137.5774277664
3283.93; 1.3946451; 1140.4168048165
3285.96; 1.3923158; 1143.2514396937
3288.00; 1.3937682; 1146.0890314916
3290.04; 1.3999829; 1148.9392757562
3292.07; 1.4111665; 1151.8122889841
3294.11; 1.4268396; 1154.7172112677
3296.14; 1.4460316; 1157.66120683
3298.18; 1.4675104; 1160.6489313462
3300.22; 1.4899831; 1163.6824082654
3302.25; 1.5122369; 1166.7611921837
3304.29; 1.5332228; 1169.8827015289
3306.32; 1.5521038; 1173.0426509342
3308.36; 1.5682959; 1176.2355659834
3310.40; 1.5815105; 1179.4553848231
3312.43; 1.5917886; 1182.6961290796
3314.47; 1.5995003; 1185.9525736791
3316.50; 1.605284; 1189.2207933997
3318.54; 1.609918; 1192.4984475895
3320.58; 1.6141428; 1195.7847029635
3322.61; 1.618477; 1199.0797824544
3324.65; 1.6230819; 1202.3842370786
3326.68; 1.6277167; 1205.6981277151
3328.72; 1.6318042; 1209.0203402426
3330.75; 1.6345908; 1212.3482260514
3332.79; 1.6353567; 1215.6776710834
3334.83; 1.6336201; 1219.0035805969
3336.86; 1.6292834; 1222.3206610109
3338.90; 1.6226882; 1225.6243140967
3340.93; 1.6145728; 1228.9114449327
3342.97; 1.6059485; 1232.1810175184
3345.01; 1.597924; 1235.4342529686
3347.04; 1.5915125; 1238.674435062
3349.08; 1.5874534; 1241.9063531498
3351.11; 1.5860766; 1245.1354682005
3353.15; 1.5872314; 1248.3669343546
3355.19; 1.5902983; 1251.6046445205
3357.22; 1.5942926; 1254.8504867516
3359.26; 1.5980532; 1258.1039852296
3361.29; 1.6004894; 1261.3624435069
3363.33; 1.6008356; 1264.6216067222
3365.37; 1.5988513; 1267.8767300106
3367.40; 1.5949036; 1271.1238160935
3369.44; 1.5898965; 1274.3607081934
3371.47; 1.5850484; 1277.5877299253
3373.51; 1.5815669; 1280.8076635859
3375.54; 1.5803071; 1284.0250324605
3377.58; 1.5815112; 1287.2448527263
3379.62; 1.5847091; 1290.471183631
3381.65; 1.588816; 1293.7058758824
3383.69; 1.5924028; 1296.9478705813
3385.72; 1.5940635; 1300.1932462697
3387.76; 1.5927742; 1303.4359971175
3389.80; 1.5881424; 1306.6693178857
3391.83; 1.580478; 1309.8870346366
3393.87; 1.5706749; 1313.0847931582
3395.90; 1.5599429; 1316.2607022993
3397.94; 1.5494725; 1319.4152944999
3399.98; 1.5401253; 1322.5508567385
3402.01; 1.5322304; 1325.6703455332
3404.05; 1.5255279; 1328.7761886843
3406.08; 1.519264; 1331.8692791708
3408.12; 1.5123996; 1334.9483941911
3410.16; 1.503875; 1338.0101538877
3412.19; 1.4928682; 1341.0495047909
3414.23; 1.4789907; 1344.0606023118
3416.26; 1.4623857; 1347.0378933951
3418.30; 1.4437145; 1349.9771716078
3420.34; 1.4240384; 1352.8763908335
3422.37; 1.4046191; 1355.7360741174
3424.41; 1.3866788; 1358.5592325039
3426.44; 1.3711639; 1361.3508039524
3428.48; 1.3585625; 1364.1167200104
3430.51; 1.3488142; 1366.8627893968
3432.55; 1.3413358; 1369.593633322
3434.59; 1.335159; 1372.311901812
3436.62; 1.3291512; 1375.0179389098
3438.66; 1.3222659; 1377.709958147
3440.69; 1.3137619; 1380.3846639308
3442.73; 1.3033363; 1383.0381441634
3444.77; 1.2911418; 1385.6667974525
3446.80; 1.2776902; 1388.2680643533
3448.84; 1.2636785; 1390.840804771
3450.87; 1.249795; 1393.3852795582
3452.91; 1.2365631; 1395.9028152693
3454.95; 1.2242669; 1398.3953169961
3456.98; 1.2129692; 1400.8648175989
3459.02; 1.2026; 1403.3132074015
3461.05; 1.1930705; 1405.7421960375
3463.09; 1.1843619; 1408.1534545587
3465.13; 1.1765514; 1410.5488116474
3467.16; 1.1697695; 1412.930361378
3469.20; 1.164109; 1415.3003868402
3471.23; 1.159532; 1417.661093892
3473.27; 1.1558203; 1420.014244221
3475.30; 1.1525987; 1422.3608357542
3477.34; 1.149429; 1424.7009740994
3479.38; 1.1459403; 1427.0340097146
3481.41; 1.1419434; 1429.3589080156
3483.45; 1.1374794; 1431.6747179834
3485.48; 1.1327769; 1433.9809539643
3487.52; 1.1281313; 1436.2777318924
3489.56; 1.1237553; 1438.5656006869
3491.59; 1.1196669; 1440.8451459347
3493.63; 1.1156734; 1443.1165607365
3495.66; 1.1114734; 1445.3794246217
3497.70; 1.1068508; 1447.632877237
3499.74; 1.1018896; 1449.8762294399
3501.77; 1.097119; 1452.1098690671
3503.81; 1.0935108; 1454.3361626201
3505.84; 1.0923012; 1456.5599935787
3507.88; 1.0946704; 1458.7886480254
3509.92; 1.1013719; 1461.0309461739
3511.95; 1.1124338; 1463.2957654707
3513.99; 1.12704; 1465.5903215498
3516.02; 1.1436459; 1467.9186859478
3518.06; 1.1603103; 1470.2809775756
3520.09; 1.1751472; 1472.6734758366
3522.13; 1.1867652; 1475.089627342
3524.17; 1.1945599; 1477.5216481488
3526.20; 1.1987753; 1479.9622512594
3528.24; 1.2003266; 1482.4060126601
3530.27; 1.2004531; 1484.8500315092
3532.31; 1.2003246; 1487.2937887415
3534.35; 1.2007317; 1489.7383749096
3536.38; 1.2019544; 1492.1854503436
3538.42; 1.2038355; 1494.6363555052
3540.45; 1.2060131; 1497.0916940025
3542.49; 1.2082101; 1499.5515054292
3544.53; 1.2104647; 1502.0159071583
3546.56; 1.2132105; 1504.4858989774
3548.60; 1.2171719; 1506.9639558784
3550.63; 1.2231107; 1509.4541036751
3552.67; 1.2315105; 1511.9613527459
3554.71; 1.2423124; 1514.4905936274
3556.74; 1.2547994; 1517.0452568275
3558.78; 1.2676792; 1519.6261422932
3560.81; 1.2793547; 1522.2307980391
3562.85; 1.2883074; 1524.8536806259
3564.88; 1.2934867; 1527.4871079835
3566.92; 1.2945918; 1530.1227851552
3568.96; 1.2921616; 1532.7535147317
3570.99; 1.287447; 1535.3746457016
3573.03; 1.2820965; 1537.9848836057
3575.06; 1.2777442; 1540.5862604444
3577.10; 1.2756105; 1543.1832933304
3579.14; 1.2762262; 1545.7815796456
3581.17; 1.2793476; 1548.3862209472
3583.21; 1.2840805; 1551.0004980552
3585.24; 1.2891665; 1553.6251298063
3587.28; 1.2933445; 1556.2582676564
3589.32; 1.2956817; 1558.8961636839
3591.35; 1.2957826; 1561.5342652885
3593.39; 1.2938288; 1564.168389149
3595.42; 1.2904505; 1566.7956350376
3597.46; 1.2864848; 1569.4148071611
3599.50; 1.2827015; 1572.0262767796
3601.53; 1.279579; 1574.631389172
3603.57; 1.2771903; 1577.231638327
3605.60; 1.2752181; 1579.8278722793
3607.64; 1.2730776; 1582.4197483048
3609.67; 1.2700964; 1585.0055549472
3611.71; 1.2656934; 1587.5823974817
3613.75; 1.2595071; 1590.1466452526
3615.78; 1.2514501; 1592.6944896139
3617.82; 1.241691; 1595.2224652991
3619.85; 1.230586; 1597.7278321566
3621.89; 1.218589; 1600.2087741833
3623.93; 1.2061666; 1602.6644253431
3625.96; 1.1937331; 1605.0947628828
3628.00; 1.1816092; 1607.5004172992
3630.03; 1.1700026; 1609.8824416901
3632.07; 1.1590035; 1612.2420727699
3634.11; 1.1485929; 1614.5805087775
3636.14; 1.1386623; 1616.8987268662
3638.18; 1.1290426; 1619.1973601963
3640.21; 1.1195404; 1621.4766477704
3642.25; 1.1099727; 1623.73645639
3644.29; 1.1001946; 1625.976357632
3646.32; 1.0901116; 1628.1957307463
3648.36; 1.0796778; 1630.3938615676
3650.39; 1.0688852; 1632.570019581
3652.43; 1.0577538; 1634.7235149349
3654.47; 1.0463308; 1636.8537541358
3656.50; 1.0347015; 1638.9603170111
3658.54; 1.0230033; 1641.0430635268
3660.57; 1.0114319; 1643.1022515116
3662.61; 1.0002223; 1645.1386177982
3664.64; 0.98960172; 1647.1533615024
3666.68; 0.979717; 1649.1479807651
3668.72; 0.9705588; 1651.123954722
3670.75; 0.96190965; 1653.0823197614
3672.79; 0.95334259; 1655.0232429973
3674.82; 0.94428422; 1656.9457241716
3676.86; 0.93413608; 1658.8475446208
3678.90; 0.92242721; 1660.7255268105
3680.93; 0.90895654; 1662.5760838722
3682.97; 0.89388206; 1664.3959506096
3685.00; 0.87772538; 1666.1829237275
3687.04; 0.86128286; 1667.9364213051
3689.08; 0.84546131; 1669.6577075746
3691.11; 0.83107766; 1671.3497099719
3693.15; 0.81867342; 1673.0164584011
3695.18; 0.80839076; 1674.6622722261
3697.22; 0.79994037; 1676.2908817782
3699.26; 0.79266631; 1677.9046819842
3701.29; 0.78568807; 1679.5042750966
3703.33; 0.77808126; 1681.0883813862
3705.36; 0.769052; 1682.6541048897
3707.40; 0.75806607; 1684.1974619818
3709.43; 0.74490975; 1685.714033949
3711.47; 0.72968009; 1687.1995996364
3713.51; 0.71272002; 1688.6506360949
3715.54; 0.69452489; 1690.0646288254
3717.58; 0.67564756; 1691.4401889561
3719.61; 0.65662226; 1692.7770152168
3721.65; 0.63791487; 1694.0757548419
3723.69; 0.61989665; 1695.3378109308
3725.72; 0.60283173; 1696.5651243166
3727.76; 0.58686907; 1697.7599391008
3729.79; 0.57203524; 1698.9245534752
3731.83; 0.55823151; 1700.0610646502
3733.87; 0.54524356; 1701.1711334851
3735.90; 0.53277125; 1702.2558097758
3737.94; 0.52047983; 1703.3154617884
3739.97; 0.50806465; 1704.349837558
3742.01; 0.49531368; 1705.3582534531
3744.05; 0.48214959; 1706.3398684021
3746.08; 0.46863781; 1707.2939745443
3748.12; 0.45495755; 1708.2202288427
3750.15; 0.44134502; 1709.1187692101
3752.19; 0.4280277; 1709.9901966654
3754.22; 0.41517041; 1710.8354477975
3756.26; 0.40284881; 1711.6556132123
3758.30; 0.3910544; 1712.4517662247
3760.33; 0.37972322; 1713.224849921
3762.37; 0.36877212; 1713.9756381254
3764.40; 0.35812588; 1714.7047515033
3766.44; 0.34772461; 1715.4126888071
3768.48; 0.33751171; 1716.0998335257
3770.51; 0.32741223; 1716.7664165739
3772.55; 0.31731662; 1717.4124458266
3774.58; 0.30708226; 1718.0376388103
3776.62; 0.29655714; 1718.6414035611
3778.66; 0.28561941; 1719.2229000316
3780.69; 0.27421862; 1719.7811854665
3782.73; 0.26240236; 1720.3154140215
3784.76; 0.25031686; 1720.8250375525
3786.80; 0.23817964; 1721.309950736
3788.84; 0.22623275; 1721.7705410828
3790.87; 0.21469221; 1722.2076358872
3792.91; 0.20370969; 1722.6223712356
3794.94; 0.19335742; 1723.0160302607
3796.98; 0.18363796; 1723.3899012989
3799.01; 0.1745115; 1723.7451916449
3801.05; 0.16592793; 1724.0830065841
3803.09; 0.1578509; 1724.4043773983
3805.12; 0.15026609; 1724.7103061897
3807.16; 0.14317336; 1725.0017947906
3809.19; 0.13656939; 1725.2798382735
3811.23; 0.13043063; 1725.5453837699
3813.27; 0.12470548; 1725.7992733718
3815.30; 0.11931991; 1726.0421984096
3817.34; 0.11419444; 1726.274688441
3819.37; 0.10926582; 1726.4971442239
3821.41; 0.10450435; 1726.7099060563
3823.45; 0.099920015; 1726.9133345831
3825.48; 0.095554862; 1727.1078760345
3827.52; 0.091464349; 1727.294089556
3829.55; 0.087694627; 1727.4726282475
3831.59; 0.084263872; 1727.6441822181
3833.63; 0.081154195; 1727.8094051554
3835.66; 0.078316597; 1727.968850988
3837.70; 0.07568679; 1728.1229427611
3839.73; 0.07320599; 1728.2719838394
3841.77; 0.070839284; 1728.4162065077
3843.81; 0.06858528; 1728.5558402182
3845.84; 0.066473895; 1728.6911753324
3847.88; 0.064553182; 1728.8226000389
3849.91; 0.062869645; 1728.9505972103
3851.95; 0.061448485; 1729.075701023
3853.98; 0.06028; 1729.1984259012
3856.02; 0.059316311; 1729.3191887919
3858.06; 0.058479291; 1729.4382475813
3860.09; 0.057677213; 1729.5556734101
3862.13; 0.056825203; 1729.6713646191
3864.16; 0.05586369; 1729.7850982703
3866.20; 0.054769946; 1729.8966051529
3868.24; 0.053559975; 1730.0056486406
3870.27; 0.052280869; 1730.1120879787
3872.31; 0.050996309; 1730.2159120619
3874.34; 0.049769563; 1730.3172385969
3876.38; 0.048648631; 1730.4162830105
3878.42; 0.04765716; 1730.5133088752
3880.45; 0.046792865; 1730.6085751105
3882.49; 0.046032903; 1730.702294129
3884.52; 0.045343789; 1730.7946101699
3886.56; 0.04469241; 1730.8856000586
3888.60; 0.044054789; 1730.9752918077
3890.63; 0.043420333; 1731.0636918588
3892.67; 0.042790969; 1731.1508105778
3894.70; 0.042176321; 1731.236677928
3896.74; 0.041587254; 1731.3213459885
3898.77; 0.041030407; 1731.4048803562
3900.81; 0.040505737; 1731.487346541
3902.85; 0.040007738; 1731.5687988434
3904.88; 0.039529513; 1731.6492775195
3906.92; 0.039067728; 1731.7288160429
3908.95; 0.038626155; 1731.8074555604
3910.99; 0.038216013; 1731.8852600641
3913.03; 0.037852631; 1731.9623247535
3915.06; 0.037549364; 1732.0387720174
3917.10; 0.037310872; 1732.1147337322
3919.13; 0.037128251; 1732.1903236472
3921.17; 0.036978009; 1732.2656076815
3923.21; 0.036825663; 1732.3405815534
3925.24; 0.036633264; 1732.4151637174
3927.28; 0.036368854; 1732.4892075663
3929.31; 0.036015259; 1732.5625315263
3931.35; 0.035575742; 1732.6349606667
3933.39; 0.035074919; 1732.7063701754
3935.42; 0.034554595; 1732.7767203482
3937.46; 0.034065441; 1732.8460746456
3939.49; 0.03365645; 1732.914596274
3941.53; 0.033364553; 1732.9825236245
3943.56; 0.033206704; 1733.0501296075
3945.60; 0.033176185; 1733.1176734572
3947.64; 0.033243935; 1733.1853552399
3949.67; 0.033364628; 1733.2532827422
3951.71; 0.033486179; 1733.3214577123
3953.74; 0.033560555; 1733.3897841059
3955.78; 0.033553411; 1733.4580959549
3957.82; 0.033450317; 1733.5261979132
3959.85; 0.033258152; 1733.59390864
3961.89; 0.033001477; 1733.6610967995
3963.92; 0.032715036; 1733.7277017891
3965.96; 0.032434558; 1733.7937357503
3968.00; 0.03218845; 1733.8592686568
3970.03; 0.031992544; 1733.9244027156
3972.07; 0.031849027; 1733.9892445865
3974.10; 0.031749281; 1734.0538833833
3976.14; 0.03167916; 1734.1183794199
3978.18; 0.031624602; 1734.1827643797
3980.21; 0.031575624; 1734.2470496249
3982.25; 0.031527601; 1734.3112370999
3984.28; 0.031479861; 1734.3753273791
3986.32; 0.031432678; 1734.4393215984
3988.35; 0.031384252; 1734.5032172275
3990.39; 0.031329085; 1734.5670005408
3992.43; 0.031258473; 1734.6306400945
3994.46; 0.031162904; 1734.6940850773
3996.50; 0.031035357; 1734.7572703855
3998.53; 0.030874202; 1734.8201275966
4000.57; 0.030684574; 1734.8825987403
4002.61; 0.030477696; 1734.9446486988
4004.64; 0.03026836; 1735.0062724684
4006.68; 0.030071329; 1735.0674950992
4008.71; 0.029897696; 1735.1283642285
4010.75; 0.029752155; 1735.1889370491
4012.79; 0.029631774; 1735.249264783
4014.82; 0.029526451; 1735.3093780881
4016.86; 0.029420857; 1735.3692764138
4018.89; 0.029297397; 1735.4289233858
4020.93; 0.029139603; 1735.4882491029
4022.97; 0.028935342; 1735.5471589612
4025.00; 0.028679244; 1735.6055474259
4027.04; 0.028373877; 1735.6633141914
4029.07; 0.028029381; 1735.7203795928
4031.11; 0.027661566; 1735.7766961536
4033.15; 0.027288846; 1735.8322538899
4035.18; 0.02692869; 1735.8870783784
4037.22; 0.026594419; 1735.9412223197
4039.25; 0.026293158; 1735.9947529204
4041.29; 0.026025387; 1736.0477383618
4043.32; 0.025786086; 1736.1002366066
4045.36; 0.025566997; 1736.152288806
4047.40; 0.025359208; 1736.2039179641
4049.43; 0.025155241; 1736.2551318644
4051.47; 0.024950112; 1736.305928139
4053.50; 0.024741218; 1736.3562991234
4055.54; 0.024527395; 1736.4062347826
4057.58; 0.024307706; 1736.4557231735
4059.61; 0.024080554; 1736.5047491026
4061.65; 0.023843481; 1736.553292372
4063.68; 0.023593663; 1736.6013270341
4065.72; 0.023328815; 1736.6488224871
4067.76; 0.023048069; 1736.6957463656
4069.79; 0.022752467; 1736.7420684239
4071.83; 0.022444894; 1736.7877642912
4073.86; 0.022129553; 1736.8328181512
4075.90; 0.021811222; 1736.877223916
4077.94; 0.021494573; 1736.9209850114
4079.97; 0.02118371; 1736.9641132178
4082.01; 0.020881916; 1737.0066269969
4084.04; 0.020591486; 1737.0485494859
4086.08; 0.020313526; 1737.089906071
4088.11; 0.020047671; 1737.1307213984
4090.15; 0.019791858; 1737.1710159139
4092.19; 0.019542354; 1737.2108024596
4094.22; 0.019294227; 1737.2500838398
4096.26; 0.019042307; 1737.2888523339
4098.29; 0.018782437; 1737.3270917556
4100.33; 0.018512642; 1737.3647818963
4102.37; 0.018233797; 1737.4019043329
4104.40; 0.017949506; 1737.4384479778
4106.44; 0.017665146; 1737.4744126897
4108.47; 0.017386353; 1737.5098098036
4110.51; 0.017117428; 1737.5446594092
4112.55; 0.016860157; 1737.5789852334
4114.58; 0.016613405; 1737.6128086927
4116.62; 0.016373549; 1737.6461438256
4118.65; 0.016135535; 1737.6789943814
4120.69; 0.015894182; 1737.7113535633
4122.73; 0.015645333; 1737.7432061109
4124.76; 0.015386586; 1737.774531873
4126.80; 0.015117542; 1737.8053098837
4128.83; 0.014839659; 1737.8355221492
4130.87; 0.014555889; 1737.8651566835
4132.90; 0.014270199; 1737.8942095772
4134.94; 0.013987024; 1737.922685951
4136.98; 0.013710617; 1737.9505995839
4139.01; 0.01344428; 1737.9779709776
4141.05; 0.01318957; 1738.0048238028
4143.08; 0.012945688; 1738.0311801061
4145.12; 0.01270934; 1738.0570552261
4147.16; 0.012475275; 1738.0824538094
4149.19; 0.01223752; 1738.107368345
4151.23; 0.011991067; 1738.131781122
4153.26; 0.011733506; 1738.1556695276
4155.30; 0.011466074; 1738.179013465
4157.34; 0.011193671; 1738.2018028141
4159.37; 0.010923754; 1738.224042634
4161.41; 0.010664375; 1738.2457543813
4163.44; 0.010421968; 1738.2669726097
4165.48; 0.010199565; 1738.2877380433
4167.52; 0.0099960138; 1738.3080890648
4169.55; 0.009806443; 1738.3280541365
4171.59; 0.0096237828; 1738.3476473278
4173.62; 0.0094408571; 1738.366868098
4175.66; 0.0092523869; 1738.3857051593
4177.69; 0.009056331; 1738.4041430677
4179.73; 0.0088542336; 1738.4221695232
4181.77; 0.0086505777; 1738.4397813529
4183.80; 0.008451425; 1738.4569877248
4185.84; 0.0082627849; 1738.4738100419
4187.87; 0.0080891645; 1738.4902788827
4189.91; 0.0079326306; 1738.5064290339
4191.95; 0.0077925336; 1738.5222939598
4193.98; 0.0076658581; 1738.5379009853
4196.02; 0.0075480276; 1738.5532681181
4198.05; 0.0074339284; 1738.5684029547
4200.09; 0.007318908; 1738.5833036197
4202.13; 0.0071995515; 1738.5979612852
4204.16; 0.0070741081; 1738.6123635589
4206.20; 0.006942523; 1738.6264979365
4208.23; 0.0068061147; 1738.6403545987
4210.27; 0.0066670099; 1738.6539280556
4212.31; 0.0065274913; 1738.6672174646
4214.34; 0.0063894273; 1738.6802257871
4216.38; 0.0062539159; 1738.6929582201
4218.41; 0.0061212109; 1738.7054204773
4220.45; 0.0059909161; 1738.7176174654
4222.49; 0.0058623573; 1738.7295527189
4224.52; 0.0057350067; 1738.7412286977
4226.56; 0.0056088253; 1738.752647782
4228.59; 0.0054844323; 1738.7638136129
4230.63; 0.0053630636; 1738.7747323475
4232.66; 0.0052463405; 1738.785413444
4234.70; 0.005135916; 1738.7958697256
4236.74; 0.0050330852; 1738.8061166527
4238.77; 0.0049384525; 1738.8161709159
4240.81; 0.0048517295; 1738.8260486184
4242.84; 0.0047717147; 1738.8357634178
4244.88; 0.0046964709; 1738.8453250272
4246.92; 0.0046236739; 1738.8547384282
4248.95; 0.0045510683; 1738.8640040106
4250.99; 0.0044769284; 1738.8731186505
4253.02; 0.0044004135; 1738.8820775126
4255.06; 0.0043217225; 1738.8908761668
4257.10; 0.0042419982; 1738.899512509
4259.13; 0.0041630003; 1738.9079880182
4261.17; 0.0040866309; 1738.916308046
4263.20; 0.0040144381; 1738.9244810955
4265.24; 0.0039472291; 1738.9325173133
4267.28; 0.0038848876; 1738.9404266093
4269.31; 0.0038264304; 1738.9482168914
4271.35; 0.0037702699; 1738.9558928355
4273.38; 0.0037146023; 1738.9634554453
4275.42; 0.0036578208; 1738.9709024529
4277.45; 0.0035988634; 1738.9782294282
4279.49; 0.0035374355; 1738.9854313416
4281.53; 0.0034740788; 1738.9925042662
4283.56; 0.0034100869; 1738.9994469088
4285.60; 0.0033472851; 1739.0062616924
4287.63; 0.003287704; 1739.012955174
4289.67; 0.0032331916; 1739.019537673
4291.71; 0.0031850243; 1739.0260221076
4293.74; 0.0031435928; 1739.0324221912
4295.78; 0.0031082398; 1739.0387502991
4297.81; 0.0030773104; 1739.0450154375
4299.85; 0.00304843; 1739.0512217779
4301.89; 0.0030189669; 1739.0573681341
4303.92; 0.0029865797; 1739.0634485527
4305.96; 0.0029497137; 1739.0694539152
4307.99; 0.002907915; 1739.0753741793
4310.03; 0.0028618758; 1739.0812007115
4312.07; 0.0028131975; 1739.0869281388
4314.10; 0.0027639414; 1739.0925552851
4316.14; 0.0027160964; 1739.0980850229
4318.17; 0.0026711162; 1739.1035231849
4320.21; 0.0026296543; 1739.108876934
4322.24; 0.0025915593; 1739.1141531251
4324.28; 0.0025561121; 1739.1193571488
4326.32; 0.0025224097; 1739.1244925573
4328.35; 0.0024897598; 1739.1295614934
4330.39; 0.0024579479; 1739.1345656632
4332.42; 0.0024272889; 1739.1395074139
4334.46; 0.0023984485; 1739.1443904482
4336.50; 0.002372102; 1739.1492198431
4338.53; 0.0023485569; 1739.1540013022
4340.57; 0.0023274838; 1739.1587398583
4342.60; 0.0023078633; 1739.1634384688
4344.64; 0.0022881897; 1739.1680970256
4346.68; 0.0022668762; 1739.1727121899
4348.71; 0.0022427386; 1739.1772782122
4350.75; 0.002215395; 1739.1817885653
4352.78; 0.0021854449; 1739.1862379425
4354.82; 0.0021543557; 1739.1906240248
4356.86; 0.0021240828; 1739.1949484741
4358.89; 0.0020965332; 1739.1992168348
4360.93; 0.0020730363; 1739.2034373578
4362.96; 0.0020539798; 1739.2076190835
4365.00; 0.0020387167; 1739.2117697347
4367.03; 0.0020257625; 1739.2158940123
4369.07; 0.0020132172; 1739.2199927488
4371.11; 0.0019992831; 1739.2240631167
4373.14; 0.0019827326; 1739.228099789
4375.18; 0.0019632052; 1739.2320967054
4377.21; 0.0019412705; 1739.2360489647
4379.25; 0.0019182572; 1739.2399543708
4381.29; 0.0018959097; 1739.2438142793
4383.32; 0.0018759666; 1739.2476335855
4385.36; 0.0018597616; 1739.2514198996
4387.39; 0.0018479351; 1739.2551821359
4389.43; 0.0018403105; 1739.2589288492
4391.47; 0.0018359529; 1739.2626666908
4393.50; 0.0018333882; 1739.2663993109
4395.54; 0.0018309296; 1739.2701269255
4397.57; 0.001827035; 1739.273846611
4399.61; 0.0018206124; 1739.2775532208
4401.65; 0.0018112037; 1739.2812406752
4403.68; 0.0017990019; 1739.2849032878
4405.72; 0.0017847045; 1739.2885367922
4407.75; 0.0017692458; 1739.2921388239
4409.79; 0.0017534881; 1739.2957087744
4411.82; 0.001737965; 1739.2992471211
4413.86; 0.0017227537; 1739.3027544991
4415.90; 0.0017075163; 1739.3062308549
4417.93; 0.0016916941; 1739.309674998
4419.97; 0.0016747904; 1739.3130847267
4422.00; 0.0016566447; 1739.3164575123
4424.04; 0.0016376006; 1739.3197915258
4426.08; 0.0016185032; 1739.3230866586
4428.11; 0.0016005155; 1739.3263451701
4430.15; 0.0015848061; 1739.3295716986
4432.18; 0.0015722051; 1739.3327725725
4434.22; 0.0015629433; 1739.3359545901
4436.26; 0.0015565649; 1739.3391236219
4438.29; 0.0015520504; 1739.3422834627
4440.33; 0.0015481157; 1739.3454352926
4442.36; 0.0015435924; 1739.3485779135
4444.40; 0.0015377644; 1739.3517086692
4446.44; 0.0015305484; 1739.3548247337
4448.47; 0.0015224572; 1739.3579243252
4450.51; 0.0015143633; 1739.3610074383
4452.54; 0.0015071482; 1739.3640758619
4454.58; 0.0015013636; 1739.3671325086
4456.62; 0.0014970254; 1739.370180323
4458.65; 0.0014936086; 1739.3732211812
4460.69; 0.0014902384; 1739.3762551779
4462.72; 0.0014859982; 1739.3792805421
4464.76; 0.001480239; 1739.382294181
4466.79; 0.0014727764; 1739.3852926266
4468.83; 0.0014639145; 1739.3882730303
4470.87; 0.0014543023; 1739.3912338642
4472.90; 0.0014446896; 1739.3941751277
4474.94; 0.0014356829; 1739.3970980541
4476.97; 0.0014275853; 1739.4000044946
4479.01; 0.0014203653; 1739.4028962358
4481.05; 0.0014137389; 1739.4057744861
4483.08; 0.0014073115; 1739.4086396509
4485.12; 0.0014007117; 1739.411491379
4487.15; 0.0013936681; 1739.414328767
4489.19; 0.0013860199; 1739.4171505838
4491.23; 0.0013776847; 1739.419955431
4493.26; 0.0013686274; 1739.4227418384
4495.30; 0.0013588592; 1739.4255083585
4497.33; 0.0013484751; 1739.4282537374
4499.37; 0.0013377043; 1739.4309771878
4501.41; 0.0013269354; 1739.4336787137
4503.44; 0.0013166865; 1739.4363593738
4505.48; 0.001307516; 1739.4390213635
4507.51; 0.0012999019; 1739.4416678515
4509.55; 0.0012941374; 1739.4443026035
4511.58; 0.0012902865; 1739.4469295155
4513.62; 0.0012882193; 1739.4495522188
4515.66; 0.0012877102; 1739.4521738856
4517.69; 0.0012885533; 1739.4547972689
4519.73; 0.0012906414; 1739.4574249034
4521.76; 0.001293967; 1739.4600593086
4523.80; 0.0012985437; 1739.4627030315
4525.84; 0.0013042775; 1739.4653584279
4527.87; 0.0013108464; 1739.4680271981
4529.91; 0.001317646; 1739.4707098116
4531.94; 0.0013238335; 1739.4734050224
4533.98; 0.0013284714; 1739.4761096755
4536.02; 0.0013307295; 1739.4788189259
4538.05; 0.0013300867; 1739.4815268676
4540.09; 0.0013264704; 1739.484227447
4542.12; 0.0013202929; 1739.4869154494
4544.16; 0.0013123735; 1739.4895873285
4546.20; 0.0013037698; 1739.4922416914
4548.23; 0.0012955635; 1739.4948793468
4550.27; 0.0012886524; 1739.4975029319
4552.30; 0.0012835974; 1739.5001162253
4554.34; 0.0012805516; 1739.5027233178
4556.37; 0.001279279; 1739.5053278196
4558.41; 0.0012792479; 1739.507932258
4560.45; 0.0012797709; 1739.5105377612
4562.48; 0.0012801571; 1739.5131440505
4564.52; 0.0012798432; 1739.5157497009
4566.55; 0.0012784809; 1739.5183525777
4568.59; 0.0012759682; 1739.5209503389
4570.63; 0.0012724277; 1739.523540892
4572.66; 0.0012681434; 1739.5261227225
4574.70; 0.001263475; 1739.5286950487
4576.73; 0.0012587708; 1739.5312577974
4578.77; 0.001254296; 1739.5338114359
4580.81; 0.0012501909; 1739.5363567166
4582.84; 0.0012464639; 1739.5388944095
4584.88; 0.0012430219; 1739.5414250948
4586.91; 0.0012397288; 1739.5439490757
4588.95; 0.001236481; 1739.5464664443
4590.99; 0.0012332801; 1739.5489772961
4593.02; 0.0012302827; 1739.5514820455
4595.06; 0.0012278067; 1739.553981754
4597.09; 0.0012262847; 1739.5564783639
4599.13; 0.0012261681; 1739.5589747364
4601.16; 0.0012278019; 1739.561474435
4603.20; 0.001231304; 1739.5639812637
4605.24; 0.0012364881; 1739.5664986468
4607.27; 0.0012428584; 1739.5690289994
4609.31; 0.0012496871; 1739.5715732544
4611.34; 0.0012561581; 1739.5741306839
4613.38; 0.001261539; 1739.5766990685
4615.42; 0.0012653294; 1739.57927517
4617.45; 0.0012673431; 1739.5818553712
4619.49; 0.0012677022; 1739.5844363034
4621.52; 0.0012667489; 1739.5870152948
4623.56; 0.0012649135; 1739.5895905495
4625.60; 0.0012625855; 1739.5921610647
4627.63; 0.0012600341; 1739.5947263855
4629.67; 0.0012574006; 1739.5972863445
4631.70; 0.0012547548; 1739.599840917
4633.74; 0.0012521834; 1739.6023902543
4635.78; 0.0012498617; 1739.6049348648
4637.81; 0.0012480733; 1739.6074758344
4639.85; 0.0012471611; 1739.6100149467
4641.88; 0.0012474256; 1739.6125545976
4643.92; 0.0012490121; 1739.6150974784
4645.96; 0.0012518309; 1739.6176460981
4647.99; 0.0012555479; 1739.6202022853
4650.03; 0.001259652; 1739.6227668282
4652.06; 0.0012635764; 1739.6253393606
4654.10; 0.0012668285; 1739.6279185141
4656.13; 0.0012690829; 1739.6305022574
4658.17; 0.001270205; 1739.6330882851
4660.21; 0.0012702071; 1739.6356743172
4662.24; 0.0012691649; 1739.6382582274
4664.28; 0.0012671395; 1739.640838014
4666.31; 0.0012641457; 1739.6434117056
4668.35; 0.0012601834; 1739.6459773304
4670.39; 0.0012553159; 1739.6485330453
4672.42; 0.001249755; 1739.6510774386
4674.46; 0.001243903; 1739.6536099178
4676.49; 0.0012383179; 1739.6561310262
4678.53; 0.0012335985; 1739.6586425263
4680.57; 0.001230224; 1739.6611471561
4682.60; 0.001228404; 1739.6636480807
4684.64; 0.0012279977; 1739.6661481779
4686.67; 0.0012285357; 1739.6686493706
4688.71; 0.0012293442; 1739.6711522093
4690.75; 0.0012297292; 1739.6736558319
4692.78; 0.0012291614; 1739.6761582984
4694.82; 0.0012274017; 1739.6786571824
4696.85; 0.0012245345; 1739.6811502289
4698.89; 0.0012209063; 1739.6836358887
4700.92; 0.0012170047; 1739.6861136053
4702.96; 0.0012133225; 1739.6885838252
4705.00; 0.0012102508; 1739.6910477913
4707.03; 0.0012080254; 1739.6935072268
4709.07; 0.0012067252; 1739.6959640151
4711.10; 0.0012063045; 1739.6984199469
4713.14; 0.0012066361; 1739.7008765538
4715.18; 0.0012075476; 1739.7033350165
4717.21; 0.0012088461; 1739.7057961227
4719.25; 0.0012103365; 1739.7082602634
4721.28; 0.0012118407; 1739.7107274664
4723.32; 0.001213219; 1739.7131974757
4725.36; 0.00121439; 1739.715669869
4727.39; 0.001215337; 1739.7181441903
4729.43; 0.0012160963; 1739.7206200574
4731.46; 0.0012167275; 1739.7230972096
4733.50; 0.001217279; 1739.7255754845
4735.54; 0.0012177651; 1739.7280547491
4737.57; 0.0012181661; 1739.7305348302
4739.61; 0.0012184531; 1739.7330154956
4741.64; 0.001218623; 1739.7354965068
4743.68; 0.001218724; 1739.7379777236
4745.71; 0.0012188548; 1739.7404592067
4747.75; 0.001219132; 1739.7429412543
4749.79; 0.0012196402; 1739.7454243365
4751.82; 0.0012203859; 1739.7479089369
4753.86; 0.0012212815; 1739.7503953606
4755.89; 0.0012221661; 1739.7528835852
4757.93; 0.0012228571; 1739.7553732168
4759.97; 0.0012232062; 1739.757863559
4762.00; 0.0012231328; 1739.7603537519
4764.04; 0.0012226195; 1739.7628428996
4766.07; 0.0012216743; 1739.7653301229
4768.11; 0.0012202859; 1739.7678145197
4770.15; 0.0012184048; 1739.7702950867
4772.18; 0.0012159727; 1739.7727707023
4774.22; 0.0012129978; 1739.7752402611
4776.25; 0.0012096443; 1739.7777029925
4778.29; 0.0012062888; 1739.7801588923
4780.33; 0.0012034985; 1739.7826091114
4782.36; 0.0012019172; 1739.785056111
4784.40; 0.0012020819; 1739.7875034461
4786.43; 0.0012042341; 1739.7899551628
4788.47; 0.0012081984; 1739.7924149505
4790.50; 0.0012133908; 1739.7948853093
4792.54; 0.0012189705; 1739.7973670281
4794.58; 0.0012240964; 1739.7998591826
4796.61; 0.0012282017; 1739.8023596952
4798.65; 0.0012311881; 1739.804866288
4800.68; 0.0012334607; 1739.8073775075
4802.72; 0.0012357804; 1739.8098934498
4804.76; 0.0012389799; 1739.812415906
4806.79; 0.001243639; 1739.8149478478
4808.83; 0.0012498382; 1739.8174924104
4810.86; 0.0012570827; 1739.8200517224
4812.90; 0.0012644332; 1739.8226259993
4814.94; 0.0012708011; 1739.8252132406
4816.97; 0.0012753102; 1739.8278096622
4819.01; 0.0012775979; 1739.8304107413
4821.04; 0.0012779483; 1739.8330125339
4823.08; 0.0012772112; 1739.8356128255
4825.12; 0.0012765323; 1739.8382117352
4827.15; 0.001276991; 1739.8408115786
4829.19; 0.0012792678; 1739.8434160575
4831.22; 0.0012834596; 1739.8460290705
4833.26; 0.0012890983; 1739.8486535633
4835.30; 0.001295365; 1739.8512908147
4837.33; 0.0013014162; 1739.8539403857
4839.37; 0.0013067069; 1739.8566007282
4841.40; 0.0013111972; 1739.8592702126
4843.44; 0.001315375; 1739.8619482026
4845.47; 0.0013200921; 1739.8646357962
4847.51; 0.0013262783; 1739.8673359844
4849.55; 0.0013346352; 1739.8700531865
4851.58; 0.0013454148; 1739.872792335
4853.62; 0.0013583532; 1739.8755578249
4855.65; 0.0013727723; 1739.8783526708
4857.69; 0.0013878041; 1739.8811781202
4859.73; 0.001402655; 1739.8840338047
4861.76; 0.0014168175; 1739.8869183229
4863.80; 0.0014301649; 1739.8898300152
4865.83; 0.0014429078; 1739.8927676509
4867.87; 0.0014554414; 1739.8957308041
4869.91; 0.0014681479; 1739.8987198265
4871.94; 0.0014812253; 1739.9017354735
4873.98; 0.0014946024; 1739.904778355
4876.01; 0.0015079579; 1739.9078484271
4878.05; 0.001520829; 1739.9109447036
4880.09; 0.0015327614; 1739.9140652736
4882.12; 0.001543445; 1739.9172075944
4884.16; 0.0015527887; 1739.9203689382
4886.19; 0.001560919; 1739.9235468345
4888.23; 0.0015681108; 1739.9267393728
4890.26; 0.0015746891; 1739.9299453039
4892.30; 0.0015809407; 1739.9331639628
4894.34; 0.0015870711; 1739.9363951026
4896.37; 0.0015932157; 1739.9396387521
4898.41; 0.0015994906; 1739.942895177
4900.44; 0.001606053; 1739.9461649622
4902.48; 0.0016131329; 1739.9494491615
4904.52; 0.0016210159; 1739.9527494099
4906.55; 0.0016299719; 1739.9560678921
4908.59; 0.001640155; 1739.959407106
4910.62; 0.0016515082; 1739.9627694342
4912.66; 0.0016637155; 1739.9661566155
4914.70; 0.0016762247; 1739.9695692643
4916.73; 0.0016883448; 1739.9730065886
4918.77; 0.0016993977; 1739.9764664157
4920.80; 0.0017088815; 1739.9799455509
4922.84; 0.0017166022; 1739.9834404049
4924.88; 0.0017227341; 1739.9869477428
4926.91; 0.001727789; 1739.990465372
4928.95; 0.0017325; 1739.9939925925
4930.98; 0.0017376452; 1739.9975302882
4933.02; 0.0017438558; 1740.0010806282
4935.05; 0.0017514577; 1740.0046464449
4937.09; 0.0017603911; 1740.0082304492
4939.13; 0.0017702362; 1740.0118344973
4941.16; 0.0017803462; 1740.0154591285
4943.20; 0.0017900583; 1740.0191035328
4945.23; 0.0017989291; 1740.0227659972
4947.27; 0.0018069206; 1740.0264447317
4949.31; 0.0018144727; 1740.0301388416
4951.34; 0.0018224205; 1740.0338491324
4953.38; 0.0018317632; 1740.0375784443
4955.41; 0.0018433408; 1740.0413313271
4957.45; 0.0018575145; 1740.0451130662
4959.49; 0.0018739587; 1740.0489282845
4961.52; 0.0018916462; 1740.0527795129
4963.56; 0.0019090495; 1740.056666173
4965.59; 0.0019245124; 1740.0605843142
4967.63; 0.0019366825; 1740.0645272327
4969.67; 0.0019448717; 1740.0684868235
4971.70; 0.0019492329; 1740.0724552935
4973.74; 0.0019507025; 1740.0764267555
4975.77; 0.0019507361; 1740.0803982858
4977.81; 0.0019509323; 1740.0843702155
4979.84; 0.0019526691; 1740.0883456812
4981.88; 0.0019568543; 1740.0923296676
4983.92; 0.0019638406; 1740.0963278776
4985.95; 0.001973485; 1740.1003457228
4987.99; 0.0019852859; 1740.1043875934
4990.02; 0.0019985185; 1740.1084564046
4992.06; 0.0020123216; 1740.1125533177
4994.10; 0.0020257338; 1740.1166775369
4996.13; 0.0020377247; 1740.1208261684
